time,open,high,low,close
2026-01-05 00:00,1.08500,1.08580,1.08492,1.08572
2026-01-05 01:00,1.08572,1.08695,1.08476,1.08598
2026-01-05 02:00,1.08598,1.08712,1.08401,1.08515
2026-01-05 03:00,1.08515,1.08629,1.08482,1.08596
2026-01-05 04:00,1.08596,1.08668,1.08589,1.08660
2026-01-05 05:00,1.08660,1.08660,1.08639,1.08640
2026-01-05 06:00,1.08640,1.08765,1.08557,1.08682
2026-01-05 07:00,1.08682,1.08694,1.08611,1.08622
2026-01-05 08:00,1.08622,1.08680,1.08427,1.08485
2026-01-05 09:00,1.08485,1.08653,1.08480,1.08649
2026-01-05 10:00,1.08649,1.08700,1.08572,1.08623
2026-01-05 11:00,1.08623,1.08876,1.08499,1.08751
2026-01-05 12:00,1.08751,1.08774,1.08709,1.08732
2026-01-05 13:00,1.08732,1.08942,1.08665,1.08876
2026-01-05 14:00,1.08876,1.08942,1.08681,1.08747
2026-01-05 15:00,1.08747,1.08821,1.08660,1.08734
2026-01-05 16:00,1.08734,1.08832,1.08724,1.08822
2026-01-05 17:00,1.08822,1.08858,1.08626,1.08663
2026-01-05 18:00,1.08663,1.08744,1.08451,1.08532
2026-01-05 19:00,1.08532,1.08576,1.08365,1.08409
2026-01-05 20:00,1.08409,1.08484,1.08397,1.08472
2026-01-05 21:00,1.08472,1.08496,1.08441,1.08464
2026-01-05 22:00,1.08464,1.08497,1.08437,1.08470
2026-01-05 23:00,1.08470,1.08554,1.08365,1.08449
2026-01-06 00:00,1.08449,1.08492,1.08349,1.08393
2026-01-06 01:00,1.08393,1.08457,1.08347,1.08412
2026-01-06 02:00,1.08412,1.08566,1.08378,1.08533
2026-01-06 03:00,1.08533,1.08556,1.08468,1.08491
2026-01-06 04:00,1.08491,1.08527,1.08450,1.08485
2026-01-06 05:00,1.08485,1.08610,1.08164,1.08289
2026-01-06 06:00,1.08289,1.08348,1.08158,1.08217
2026-01-06 07:00,1.08217,1.08323,1.08043,1.08149
2026-01-06 08:00,1.08149,1.08203,1.08106,1.08160
2026-01-06 09:00,1.08160,1.08249,1.08150,1.08238
2026-01-06 10:00,1.08238,1.08279,1.08191,1.08232
2026-01-06 11:00,1.08232,1.08449,1.08189,1.08406
2026-01-06 12:00,1.08406,1.08486,1.08275,1.08355
2026-01-06 13:00,1.08355,1.08436,1.08117,1.08198
2026-01-06 14:00,1.08198,1.08210,1.08119,1.08131
2026-01-06 15:00,1.08131,1.08211,1.08054,1.08134
2026-01-06 16:00,1.08134,1.08214,1.08047,1.08126
2026-01-06 17:00,1.08126,1.08236,1.08090,1.08200
2026-01-06 18:00,1.08200,1.08465,1.07996,1.08261
2026-01-06 19:00,1.08261,1.08262,1.08221,1.08223
2026-01-06 20:00,1.08223,1.08274,1.08214,1.08265
2026-01-06 21:00,1.08265,1.08342,1.08079,1.08155
2026-01-06 22:00,1.08155,1.08166,1.08117,1.08128
2026-01-06 23:00,1.08128,1.08263,1.07773,1.07908
2026-01-07 00:00,1.07908,1.07937,1.07645,1.07674
2026-01-07 01:00,1.07674,1.07690,1.07667,1.07683
2026-01-07 02:00,1.07683,1.07773,1.07570,1.07660
2026-01-07 03:00,1.07660,1.07671,1.07581,1.07592
2026-01-07 04:00,1.07592,1.07614,1.07543,1.07565
2026-01-07 05:00,1.07565,1.07592,1.07449,1.07476
2026-01-07 06:00,1.07476,1.07688,1.07440,1.07653
2026-01-07 07:00,1.07653,1.07723,1.07575,1.07645
2026-01-07 08:00,1.07645,1.07852,1.07526,1.07732
2026-01-07 09:00,1.07732,1.07822,1.07696,1.07785
2026-01-07 10:00,1.07785,1.07848,1.07644,1.07707
2026-01-07 11:00,1.07707,1.07879,1.07624,1.07796
2026-01-07 12:00,1.07796,1.07821,1.07620,1.07646
2026-01-07 13:00,1.07646,1.07646,1.07643,1.07644
2026-01-07 14:00,1.07644,1.07654,1.07626,1.07637
2026-01-07 15:00,1.07637,1.07858,1.07584,1.07805
2026-01-07 16:00,1.07805,1.07888,1.07760,1.07844
2026-01-07 17:00,1.07844,1.08061,1.07800,1.08017
2026-01-07 18:00,1.08017,1.08063,1.08009,1.08054
2026-01-07 19:00,1.08054,1.08056,1.08020,1.08022
2026-01-07 20:00,1.08022,1.08135,1.07920,1.08033
2026-01-07 21:00,1.08033,1.08154,1.07984,1.08105
2026-01-07 22:00,1.08105,1.08119,1.08024,1.08039
2026-01-07 23:00,1.08039,1.08151,1.07993,1.08105
2026-01-08 00:00,1.08105,1.08206,1.08033,1.08133
2026-01-08 01:00,1.08133,1.08173,1.08087,1.08127
2026-01-08 02:00,1.08127,1.08308,1.07835,1.08017
2026-01-08 03:00,1.08017,1.08069,1.07909,1.07961
2026-01-08 04:00,1.07961,1.07964,1.07913,1.07917
2026-01-08 05:00,1.07917,1.07985,1.07863,1.07931
2026-01-08 06:00,1.07931,1.07954,1.07854,1.07877
2026-01-08 07:00,1.07877,1.07907,1.07854,1.07884
2026-01-08 08:00,1.07884,1.07916,1.07809,1.07841
2026-01-08 09:00,1.07841,1.08057,1.07774,1.07990
2026-01-08 10:00,1.07990,1.08070,1.07971,1.08051
2026-01-08 11:00,1.08051,1.08087,1.07985,1.08022
2026-01-08 12:00,1.08022,1.08269,1.07918,1.08165
2026-01-08 13:00,1.08165,1.08194,1.08045,1.08074
2026-01-08 14:00,1.08074,1.08217,1.07968,1.08110
2026-01-08 15:00,1.08110,1.08152,1.08085,1.08126
2026-01-08 16:00,1.08126,1.08153,1.08015,1.08042
2026-01-08 17:00,1.08042,1.08062,1.07881,1.07901
2026-01-08 18:00,1.07901,1.08054,1.07628,1.07782
2026-01-08 19:00,1.07782,1.07892,1.07746,1.07857
2026-01-08 20:00,1.07857,1.07958,1.07662,1.07763
2026-01-08 21:00,1.07763,1.07804,1.07724,1.07765
2026-01-08 22:00,1.07765,1.07785,1.07656,1.07676
2026-01-08 23:00,1.07676,1.07721,1.07621,1.07665
2026-01-09 00:00,1.07665,1.07783,1.07635,1.07753
2026-01-09 01:00,1.07753,1.07885,1.07695,1.07827
2026-01-09 02:00,1.07827,1.08225,1.07756,1.08154
2026-01-09 03:00,1.08154,1.08412,1.08018,1.08277
2026-01-09 04:00,1.08277,1.08486,1.08225,1.08434
2026-01-09 05:00,1.08434,1.08547,1.08375,1.08488
2026-01-09 06:00,1.08488,1.08568,1.08428,1.08509
2026-01-09 07:00,1.08509,1.08613,1.08488,1.08592
2026-01-09 08:00,1.08592,1.08668,1.08588,1.08664
2026-01-09 09:00,1.08664,1.08751,1.08599,1.08686
2026-01-09 10:00,1.08686,1.08756,1.08417,1.08487
2026-01-09 11:00,1.08487,1.08605,1.08485,1.08603
2026-01-09 12:00,1.08603,1.08637,1.08559,1.08594
2026-01-09 13:00,1.08594,1.08745,1.08375,1.08526
2026-01-09 14:00,1.08526,1.08562,1.08393,1.08428
2026-01-09 15:00,1.08428,1.08450,1.08408,1.08429
2026-01-09 16:00,1.08429,1.08465,1.08303,1.08338
2026-01-09 17:00,1.08338,1.08399,1.08310,1.08371
2026-01-09 18:00,1.08371,1.08414,1.08365,1.08408
2026-01-09 19:00,1.08408,1.08531,1.08334,1.08457
2026-01-09 20:00,1.08457,1.08496,1.08389,1.08428
2026-01-09 21:00,1.08428,1.08653,1.08342,1.08567
2026-01-09 22:00,1.08567,1.08652,1.08486,1.08571
2026-01-09 23:00,1.08571,1.08614,1.08461,1.08503
2026-01-10 00:00,1.08503,1.08540,1.08373,1.08410
2026-01-10 01:00,1.08410,1.08483,1.08394,1.08467
2026-01-10 02:00,1.08467,1.08510,1.08411,1.08454
2026-01-10 03:00,1.08454,1.08508,1.08294,1.08348
2026-01-10 04:00,1.08348,1.08398,1.08276,1.08325
2026-01-10 05:00,1.08325,1.08350,1.08302,1.08327
2026-01-10 06:00,1.08327,1.08383,1.07959,1.08015
2026-01-10 07:00,1.08015,1.08052,1.08015,1.08051
2026-01-10 08:00,1.08051,1.08115,1.08006,1.08069
2026-01-10 09:00,1.08069,1.08290,1.08018,1.08239
2026-01-10 10:00,1.08239,1.08343,1.08200,1.08303
2026-01-10 11:00,1.08303,1.08493,1.08208,1.08398
2026-01-10 12:00,1.08398,1.08477,1.08284,1.08363
2026-01-10 13:00,1.08363,1.08502,1.08356,1.08495
2026-01-10 14:00,1.08495,1.08667,1.08490,1.08662
2026-01-10 15:00,1.08662,1.08746,1.08538,1.08622
2026-01-10 16:00,1.08622,1.08680,1.08610,1.08668
2026-01-10 17:00,1.08668,1.08720,1.08649,1.08702
2026-01-10 18:00,1.08702,1.08717,1.08619,1.08635
2026-01-10 19:00,1.08635,1.08693,1.08464,1.08523
2026-01-10 20:00,1.08523,1.08642,1.08441,1.08561
2026-01-10 21:00,1.08561,1.08630,1.08483,1.08553
2026-01-10 22:00,1.08553,1.08763,1.08488,1.08698
2026-01-10 23:00,1.08698,1.08813,1.08663,1.08778
2026-01-11 00:00,1.08778,1.08783,1.08773,1.08778
2026-01-11 01:00,1.08778,1.08881,1.08693,1.08796
2026-01-11 02:00,1.08796,1.08894,1.08688,1.08786
2026-01-11 03:00,1.08786,1.08806,1.08677,1.08697
2026-01-11 04:00,1.08697,1.08735,1.08696,1.08734
2026-01-11 05:00,1.08734,1.08966,1.08647,1.08879
2026-01-11 06:00,1.08879,1.08911,1.08685,1.08717
2026-01-11 07:00,1.08717,1.08733,1.08657,1.08674
2026-01-11 08:00,1.08674,1.08765,1.08637,1.08728
2026-01-11 09:00,1.08728,1.08922,1.08665,1.08859
2026-01-11 10:00,1.08859,1.09082,1.08760,1.08983
2026-01-11 11:00,1.08983,1.09045,1.08939,1.09001
2026-01-11 12:00,1.09001,1.09190,1.08939,1.09128
2026-01-11 13:00,1.09128,1.09238,1.09087,1.09197
2026-01-11 14:00,1.09197,1.09221,1.09137,1.09161
2026-01-11 15:00,1.09161,1.09376,1.09109,1.09325
2026-01-11 16:00,1.09325,1.09504,1.09308,1.09488
2026-01-11 17:00,1.09488,1.09513,1.09479,1.09504
2026-01-11 18:00,1.09504,1.09558,1.09445,1.09498
2026-01-11 19:00,1.09498,1.09692,1.09453,1.09646
2026-01-11 20:00,1.09646,1.09838,1.09564,1.09755
2026-01-11 21:00,1.09755,1.09860,1.09635,1.09740
2026-01-11 22:00,1.09740,1.09959,1.09663,1.09883
2026-01-11 23:00,1.09883,1.09957,1.09850,1.09924
2026-01-12 00:00,1.09924,1.10027,1.09863,1.09966
2026-01-12 01:00,1.09966,1.10067,1.09812,1.09913
2026-01-12 02:00,1.09913,1.09930,1.09900,1.09917
2026-01-12 03:00,1.09917,1.09996,1.09866,1.09946
2026-01-12 04:00,1.09946,1.10219,1.09828,1.10101
2026-01-12 05:00,1.10101,1.10186,1.09995,1.10079
2026-01-12 06:00,1.10079,1.10179,1.09776,1.09875
2026-01-12 07:00,1.09875,1.09907,1.09637,1.09669
2026-01-12 08:00,1.09669,1.09954,1.09563,1.09849
2026-01-12 09:00,1.09849,1.10089,1.09710,1.09950
2026-01-12 10:00,1.09950,1.09979,1.09918,1.09947
2026-01-12 11:00,1.09947,1.09986,1.09776,1.09815
2026-01-12 12:00,1.09815,1.09890,1.09693,1.09768
2026-01-12 13:00,1.09768,1.09772,1.09676,1.09681
2026-01-12 14:00,1.09681,1.09702,1.09599,1.09621
2026-01-12 15:00,1.09621,1.09624,1.09617,1.09620
2026-01-12 16:00,1.09620,1.09755,1.09587,1.09721
2026-01-12 17:00,1.09721,1.09818,1.09597,1.09694
2026-01-12 18:00,1.09694,1.09744,1.09604,1.09654
2026-01-12 19:00,1.09654,1.09814,1.09617,1.09776
2026-01-12 20:00,1.09776,1.09821,1.09694,1.09739
2026-01-12 21:00,1.09739,1.09901,1.09661,1.09823
2026-01-12 22:00,1.09823,1.09872,1.09751,1.09800
2026-01-12 23:00,1.09800,1.09833,1.09692,1.09725
2026-01-13 00:00,1.09725,1.09755,1.09683,1.09713
2026-01-13 01:00,1.09713,1.09781,1.09458,1.09526
2026-01-13 02:00,1.09526,1.09642,1.09325,1.09442
2026-01-13 03:00,1.09442,1.09475,1.09352,1.09386
2026-01-13 04:00,1.09386,1.09386,1.09384,1.09384
2026-01-13 05:00,1.09384,1.09446,1.09302,1.09364
2026-01-13 06:00,1.09364,1.09406,1.09208,1.09250
2026-01-13 07:00,1.09250,1.09264,1.09142,1.09156
2026-01-13 08:00,1.09156,1.09246,1.09090,1.09180
2026-01-13 09:00,1.09180,1.09374,1.09118,1.09312
2026-01-13 10:00,1.09312,1.09353,1.09290,1.09331
2026-01-13 11:00,1.09331,1.09339,1.09197,1.09205
2026-01-13 12:00,1.09205,1.09301,1.09026,1.09122
2026-01-13 13:00,1.09122,1.09214,1.09032,1.09124
2026-01-13 14:00,1.09124,1.09174,1.09084,1.09134
2026-01-13 15:00,1.09134,1.09209,1.09128,1.09202
2026-01-13 16:00,1.09202,1.09220,1.09012,1.09030
2026-01-13 17:00,1.09030,1.09142,1.09003,1.09115
2026-01-13 18:00,1.09115,1.09144,1.09047,1.09075
2026-01-13 19:00,1.09075,1.09142,1.08976,1.09042
2026-01-13 20:00,1.09042,1.09136,1.08954,1.09048
2026-01-13 21:00,1.09048,1.09202,1.09044,1.09199
2026-01-13 22:00,1.09199,1.09234,1.09171,1.09205
2026-01-13 23:00,1.09205,1.09222,1.09140,1.09157
2026-01-14 00:00,1.09157,1.09282,1.09138,1.09263
2026-01-14 01:00,1.09263,1.09343,1.09249,1.09329
2026-01-14 02:00,1.09329,1.09441,1.09275,1.09387
2026-01-14 03:00,1.09387,1.09515,1.09303,1.09431
2026-01-14 04:00,1.09431,1.09559,1.09425,1.09553
2026-01-14 05:00,1.09553,1.09773,1.09514,1.09734
2026-01-14 06:00,1.09734,1.09796,1.09564,1.09626
2026-01-14 07:00,1.09626,1.09630,1.09455,1.09458
2026-01-14 08:00,1.09458,1.09496,1.09238,1.09276
2026-01-14 09:00,1.09276,1.09344,1.09205,1.09273
2026-01-14 10:00,1.09273,1.09318,1.09225,1.09270
2026-01-14 11:00,1.09270,1.09348,1.09094,1.09172
2026-01-14 12:00,1.09172,1.09183,1.09036,1.09047
2026-01-14 13:00,1.09047,1.09071,1.09019,1.09043
2026-01-14 14:00,1.09043,1.09090,1.08982,1.09028
2026-01-14 15:00,1.09028,1.09096,1.08914,1.08982
2026-01-14 16:00,1.08982,1.09058,1.08948,1.09025
2026-01-14 17:00,1.09025,1.09113,1.08889,1.08977
2026-01-14 18:00,1.08977,1.09087,1.08953,1.09063
2026-01-14 19:00,1.09063,1.09080,1.08958,1.08974
2026-01-14 20:00,1.08974,1.09061,1.08914,1.09001
2026-01-14 21:00,1.09001,1.09145,1.08956,1.09100
2026-01-14 22:00,1.09100,1.09212,1.08931,1.09042
2026-01-14 23:00,1.09042,1.09110,1.08983,1.09052
2026-01-15 00:00,1.09052,1.09139,1.09050,1.09137
2026-01-15 01:00,1.09137,1.09259,1.09019,1.09141
2026-01-15 02:00,1.09141,1.09250,1.09123,1.09232
2026-01-15 03:00,1.09232,1.09308,1.09156,1.09232
2026-01-15 04:00,1.09232,1.09257,1.09157,1.09182
2026-01-15 05:00,1.09182,1.09265,1.09119,1.09202
2026-01-15 06:00,1.09202,1.09293,1.09192,1.09283
2026-01-15 07:00,1.09283,1.09338,1.09190,1.09245
2026-01-15 08:00,1.09245,1.09355,1.09187,1.09297
2026-01-15 09:00,1.09297,1.09446,1.09237,1.09386
2026-01-15 10:00,1.09386,1.09433,1.09243,1.09291
2026-01-15 11:00,1.09291,1.09429,1.09276,1.09414
2026-01-15 12:00,1.09414,1.09526,1.09364,1.09476
2026-01-15 13:00,1.09476,1.09574,1.09458,1.09556
2026-01-15 14:00,1.09556,1.09623,1.09504,1.09571
2026-01-15 15:00,1.09571,1.09632,1.09513,1.09574
2026-01-15 16:00,1.09574,1.09687,1.09459,1.09572
2026-01-15 17:00,1.09572,1.09597,1.09543,1.09568
2026-01-15 18:00,1.09568,1.09684,1.09559,1.09675
2026-01-15 19:00,1.09675,1.09755,1.09675,1.09755
2026-01-15 20:00,1.09755,1.09840,1.09574,1.09659
2026-01-15 21:00,1.09659,1.09741,1.09486,1.09568
2026-01-15 22:00,1.09568,1.09634,1.09555,1.09621
2026-01-15 23:00,1.09621,1.09673,1.09617,1.09669
2026-01-16 00:00,1.09669,1.09823,1.09605,1.09759
2026-01-16 01:00,1.09759,1.09775,1.09681,1.09697
2026-01-16 02:00,1.09697,1.09794,1.09548,1.09645
2026-01-16 03:00,1.09645,1.09774,1.09574,1.09702
2026-01-16 04:00,1.09702,1.09732,1.09668,1.09698
2026-01-16 05:00,1.09698,1.09933,1.09557,1.09792
2026-01-16 06:00,1.09792,1.09813,1.09784,1.09805
2026-01-16 07:00,1.09805,1.09888,1.09666,1.09749
2026-01-16 08:00,1.09749,1.09849,1.09734,1.09833
2026-01-16 09:00,1.09833,1.09856,1.09798,1.09821
2026-01-16 10:00,1.09821,1.09900,1.09693,1.09771
2026-01-16 11:00,1.09771,1.09954,1.09710,1.09892
2026-01-16 12:00,1.09892,1.10026,1.09826,1.09960
2026-01-16 13:00,1.09960,1.10262,1.09841,1.10143
2026-01-16 14:00,1.10143,1.10211,1.10089,1.10157
2026-01-16 15:00,1.10157,1.10182,1.10050,1.10075
2026-01-16 16:00,1.10075,1.10077,1.09987,1.09989
2026-01-16 17:00,1.09989,1.10173,1.09898,1.10083
2026-01-16 18:00,1.10083,1.10354,1.09989,1.10260
2026-01-16 19:00,1.10260,1.10345,1.10060,1.10145
2026-01-16 20:00,1.10145,1.10207,1.10053,1.10115
2026-01-16 21:00,1.10115,1.10270,1.09933,1.10088
2026-01-16 22:00,1.10088,1.10196,1.09955,1.10063
2026-01-16 23:00,1.10063,1.10080,1.09943,1.09959
2026-01-17 00:00,1.09959,1.09997,1.09783,1.09821
2026-01-17 01:00,1.09821,1.09938,1.09681,1.09797
2026-01-17 02:00,1.09797,1.09834,1.09775,1.09812
2026-01-17 03:00,1.09812,1.09888,1.09782,1.09858
2026-01-17 04:00,1.09858,1.09876,1.09715,1.09734
2026-01-17 05:00,1.09734,1.09744,1.09704,1.09714
2026-01-17 06:00,1.09714,1.09775,1.09683,1.09744
2026-01-17 07:00,1.09744,1.09882,1.09640,1.09778
2026-01-17 08:00,1.09778,1.09882,1.09570,1.09675
2026-01-17 09:00,1.09675,1.09721,1.09603,1.09649
2026-01-17 10:00,1.09649,1.09873,1.09640,1.09864
2026-01-17 11:00,1.09864,1.10032,1.09815,1.09983
2026-01-17 12:00,1.09983,1.09991,1.09821,1.09828
2026-01-17 13:00,1.09828,1.09909,1.09697,1.09777
2026-01-17 14:00,1.09777,1.09783,1.09608,1.09614
2026-01-17 15:00,1.09614,1.09687,1.09590,1.09663
2026-01-17 16:00,1.09663,1.09711,1.09584,1.09632
2026-01-17 17:00,1.09632,1.09665,1.09506,1.09539
2026-01-17 18:00,1.09539,1.09552,1.09430,1.09443
2026-01-17 19:00,1.09443,1.09496,1.09383,1.09437
2026-01-17 20:00,1.09437,1.09482,1.09366,1.09412
2026-01-17 21:00,1.09412,1.09443,1.09377,1.09408
2026-01-17 22:00,1.09408,1.09448,1.09380,1.09420
2026-01-17 23:00,1.09420,1.09443,1.09245,1.09268
2026-01-18 00:00,1.09268,1.09327,1.09229,1.09289
2026-01-18 01:00,1.09289,1.09298,1.09132,1.09141
2026-01-18 02:00,1.09141,1.09257,1.09130,1.09246
2026-01-18 03:00,1.09246,1.09273,1.09207,1.09234
2026-01-18 04:00,1.09234,1.09293,1.09193,1.09252
2026-01-18 05:00,1.09252,1.09264,1.09243,1.09255
2026-01-18 06:00,1.09255,1.09265,1.09170,1.09181
2026-01-18 07:00,1.09181,1.09302,1.09168,1.09290
2026-01-18 08:00,1.09290,1.09319,1.09241,1.09271
2026-01-18 09:00,1.09271,1.09389,1.09219,1.09338
2026-01-18 10:00,1.09338,1.09472,1.09282,1.09416
2026-01-18 11:00,1.09416,1.09428,1.09305,1.09317
2026-01-18 12:00,1.09317,1.09343,1.09299,1.09325
2026-01-18 13:00,1.09325,1.09441,1.09300,1.09417
2026-01-18 14:00,1.09417,1.09507,1.09362,1.09453
2026-01-18 15:00,1.09453,1.09600,1.09415,1.09562
2026-01-18 16:00,1.09562,1.09618,1.09551,1.09607
2026-01-18 17:00,1.09607,1.09626,1.09513,1.09532
2026-01-18 18:00,1.09532,1.09575,1.09531,1.09574
2026-01-18 19:00,1.09574,1.09663,1.09492,1.09581
2026-01-18 20:00,1.09581,1.09635,1.09540,1.09594
2026-01-18 21:00,1.09594,1.09603,1.09483,1.09492
2026-01-18 22:00,1.09492,1.09534,1.09280,1.09321
2026-01-18 23:00,1.09321,1.09398,1.09318,1.09394
2026-01-19 00:00,1.09394,1.09451,1.09244,1.09301
2026-01-19 01:00,1.09301,1.09447,1.09138,1.09284
2026-01-19 02:00,1.09284,1.09336,1.09244,1.09296
2026-01-19 03:00,1.09296,1.09326,1.09235,1.09264
2026-01-19 04:00,1.09264,1.09298,1.09243,1.09277
2026-01-19 05:00,1.09277,1.09373,1.09276,1.09372
2026-01-19 06:00,1.09372,1.09399,1.09278,1.09306
2026-01-19 07:00,1.09306,1.09412,1.09212,1.09318
2026-01-19 08:00,1.09318,1.09381,1.09223,1.09286
2026-01-19 09:00,1.09286,1.09412,1.09078,1.09204
2026-01-19 10:00,1.09204,1.09311,1.09122,1.09230
2026-01-19 11:00,1.09230,1.09348,1.08996,1.09115
2026-01-19 12:00,1.09115,1.09149,1.08976,1.09010
2026-01-19 13:00,1.09010,1.09115,1.08784,1.08889
2026-01-19 14:00,1.08889,1.08921,1.08868,1.08901
2026-01-19 15:00,1.08901,1.08980,1.08856,1.08936
2026-01-19 16:00,1.08936,1.09014,1.08853,1.08931
2026-01-19 17:00,1.08931,1.08961,1.08886,1.08916
2026-01-19 18:00,1.08916,1.09003,1.08774,1.08860
2026-01-19 19:00,1.08860,1.08981,1.08835,1.08956
2026-01-19 20:00,1.08956,1.08957,1.08914,1.08915
2026-01-19 21:00,1.08915,1.09020,1.08899,1.09004
2026-01-19 22:00,1.09004,1.09045,1.08929,1.08970
2026-01-19 23:00,1.08970,1.09243,1.08887,1.09160
2026-01-20 00:00,1.09160,1.09284,1.09092,1.09216
2026-01-20 01:00,1.09216,1.09622,1.09144,1.09550
2026-01-20 02:00,1.09550,1.09592,1.09471,1.09513
2026-01-20 03:00,1.09513,1.09681,1.09488,1.09656
2026-01-20 04:00,1.09656,1.09672,1.09507,1.09523
2026-01-20 05:00,1.09523,1.09588,1.09504,1.09569
2026-01-20 06:00,1.09569,1.09612,1.09412,1.09455
2026-01-20 07:00,1.09455,1.09457,1.09411,1.09412
2026-01-20 08:00,1.09412,1.09456,1.09318,1.09362
2026-01-20 09:00,1.09362,1.09466,1.09168,1.09272
2026-01-20 10:00,1.09272,1.09353,1.09121,1.09202
2026-01-20 11:00,1.09202,1.09342,1.09006,1.09147
2026-01-20 12:00,1.09147,1.09257,1.09077,1.09187
2026-01-20 13:00,1.09187,1.09202,1.09094,1.09108
2026-01-20 14:00,1.09108,1.09251,1.08856,1.08998
2026-01-20 15:00,1.08998,1.09039,1.08865,1.08906
2026-01-20 16:00,1.08906,1.09040,1.08899,1.09033
2026-01-20 17:00,1.09033,1.09050,1.08923,1.08940
2026-01-20 18:00,1.08940,1.09021,1.08887,1.08969
2026-01-20 19:00,1.08969,1.09054,1.08885,1.08970
2026-01-20 20:00,1.08970,1.09010,1.08929,1.08970
2026-01-20 21:00,1.08970,1.09012,1.08728,1.08770
2026-01-20 22:00,1.08770,1.08805,1.08602,1.08637
2026-01-20 23:00,1.08637,1.08920,1.08525,1.08808
2026-01-21 00:00,1.08808,1.08836,1.08725,1.08753
2026-01-21 01:00,1.08753,1.08875,1.08689,1.08811
2026-01-21 02:00,1.08811,1.08819,1.08761,1.08769
2026-01-21 03:00,1.08769,1.08971,1.08763,1.08964
2026-01-21 04:00,1.08964,1.08971,1.08910,1.08917
2026-01-21 05:00,1.08917,1.09027,1.08856,1.08965
2026-01-21 06:00,1.08965,1.09035,1.08869,1.08939
2026-01-21 07:00,1.08939,1.09052,1.08798,1.08910
2026-01-21 08:00,1.08910,1.08979,1.08905,1.08973
2026-01-21 09:00,1.08973,1.08992,1.08867,1.08885
2026-01-21 10:00,1.08885,1.09010,1.08852,1.08976
2026-01-21 11:00,1.08976,1.09185,1.08894,1.09103
2026-01-21 12:00,1.09103,1.09208,1.08969,1.09073
2026-01-21 13:00,1.09073,1.09144,1.08817,1.08889
2026-01-21 14:00,1.08889,1.08894,1.08713,1.08718
2026-01-21 15:00,1.08718,1.08768,1.08649,1.08699
2026-01-21 16:00,1.08699,1.08814,1.08296,1.08411
2026-01-21 17:00,1.08411,1.08413,1.08354,1.08356
2026-01-21 18:00,1.08356,1.08370,1.08259,1.08272
2026-01-21 19:00,1.08272,1.08296,1.08138,1.08162
2026-01-21 20:00,1.08162,1.08176,1.08067,1.08082
2026-01-21 21:00,1.08082,1.08216,1.07996,1.08130
2026-01-21 22:00,1.08130,1.08149,1.08048,1.08067
2026-01-21 23:00,1.08067,1.08086,1.08050,1.08068
2026-01-22 00:00,1.08068,1.08162,1.07966,1.08059
2026-01-22 01:00,1.08059,1.08144,1.08005,1.08089
2026-01-22 02:00,1.08089,1.08184,1.07904,1.07999
2026-01-22 03:00,1.07999,1.08108,1.07991,1.08100
2026-01-22 04:00,1.08100,1.08216,1.08084,1.08200
2026-01-22 05:00,1.08200,1.08265,1.07978,1.08043
2026-01-22 06:00,1.08043,1.08153,1.07997,1.08107
2026-01-22 07:00,1.08107,1.08118,1.07994,1.08005
2026-01-22 08:00,1.08005,1.08066,1.07925,1.07985
2026-01-22 09:00,1.07985,1.08014,1.07924,1.07952
2026-01-22 10:00,1.07952,1.07982,1.07685,1.07715
2026-01-22 11:00,1.07715,1.07794,1.07560,1.07639
2026-01-22 12:00,1.07639,1.07733,1.07436,1.07531
2026-01-22 13:00,1.07531,1.07729,1.07436,1.07634
2026-01-22 14:00,1.07634,1.07670,1.07537,1.07573
2026-01-22 15:00,1.07573,1.07673,1.07441,1.07540
2026-01-22 16:00,1.07540,1.07565,1.07528,1.07553
2026-01-22 17:00,1.07553,1.07700,1.07518,1.07665
2026-01-22 18:00,1.07665,1.08033,1.07566,1.07934
2026-01-22 19:00,1.07934,1.07998,1.07864,1.07928
2026-01-22 20:00,1.07928,1.08078,1.07879,1.08029
2026-01-22 21:00,1.08029,1.08139,1.07982,1.08093
2026-01-22 22:00,1.08093,1.08214,1.07900,1.08022
2026-01-22 23:00,1.08022,1.08202,1.07991,1.08172
2026-01-23 00:00,1.08172,1.08228,1.08089,1.08145
2026-01-23 01:00,1.08145,1.08267,1.08086,1.08208
2026-01-23 02:00,1.08208,1.08251,1.08016,1.08059
2026-01-23 03:00,1.08059,1.08094,1.08037,1.08072
2026-01-23 04:00,1.08072,1.08215,1.08012,1.08155
2026-01-23 05:00,1.08155,1.08295,1.08022,1.08162
2026-01-23 06:00,1.08162,1.08273,1.08110,1.08221
2026-01-23 07:00,1.08221,1.08267,1.08169,1.08215
2026-01-23 08:00,1.08215,1.08380,1.08209,1.08374
2026-01-23 09:00,1.08374,1.08533,1.08321,1.08480
2026-01-23 10:00,1.08480,1.08584,1.08426,1.08530
2026-01-23 11:00,1.08530,1.08595,1.08392,1.08458
2026-01-23 12:00,1.08458,1.08506,1.08345,1.08394
2026-01-23 13:00,1.08394,1.08509,1.08274,1.08390
2026-01-23 14:00,1.08390,1.08470,1.08334,1.08414
2026-01-23 15:00,1.08414,1.08418,1.08339,1.08344
2026-01-23 16:00,1.08344,1.08378,1.08200,1.08234
2026-01-23 17:00,1.08234,1.08308,1.08232,1.08306
2026-01-23 18:00,1.08306,1.08445,1.08294,1.08433
2026-01-23 19:00,1.08433,1.08509,1.08334,1.08411
2026-01-23 20:00,1.08411,1.08502,1.08258,1.08349
2026-01-23 21:00,1.08349,1.08487,1.08324,1.08462
2026-01-23 22:00,1.08462,1.08465,1.08261,1.08264
2026-01-23 23:00,1.08264,1.08368,1.08119,1.08223
2026-01-24 00:00,1.08223,1.08258,1.08119,1.08154
2026-01-24 01:00,1.08154,1.08217,1.08005,1.08068
2026-01-24 02:00,1.08068,1.08154,1.07915,1.08002
2026-01-24 03:00,1.08002,1.08098,1.07809,1.07905
2026-01-24 04:00,1.07905,1.07999,1.07673,1.07766
2026-01-24 05:00,1.07766,1.07807,1.07675,1.07716
2026-01-24 06:00,1.07716,1.07744,1.07573,1.07602
2026-01-24 07:00,1.07602,1.07627,1.07567,1.07593
2026-01-24 08:00,1.07593,1.07689,1.07452,1.07548
2026-01-24 09:00,1.07548,1.07594,1.07519,1.07566
2026-01-24 10:00,1.07566,1.07605,1.07290,1.07329
2026-01-24 11:00,1.07329,1.07355,1.07104,1.07130
2026-01-24 12:00,1.07130,1.07200,1.07090,1.07160
2026-01-24 13:00,1.07160,1.07264,1.07098,1.07203
2026-01-24 14:00,1.07203,1.07344,1.07109,1.07251
2026-01-24 15:00,1.07251,1.07276,1.07198,1.07223
2026-01-24 16:00,1.07223,1.07275,1.07216,1.07268
2026-01-24 17:00,1.07268,1.07463,1.07243,1.07439
2026-01-24 18:00,1.07439,1.07604,1.07229,1.07394
2026-01-24 19:00,1.07394,1.07572,1.07372,1.07550
2026-01-24 20:00,1.07550,1.07629,1.07361,1.07440
2026-01-24 21:00,1.07440,1.07554,1.07434,1.07547
2026-01-24 22:00,1.07547,1.07573,1.07389,1.07415
2026-01-24 23:00,1.07415,1.07485,1.07285,1.07355
2026-01-25 00:00,1.07355,1.07573,1.07227,1.07445
2026-01-25 01:00,1.07445,1.07520,1.07417,1.07492
2026-01-25 02:00,1.07492,1.07693,1.07473,1.07673
2026-01-25 03:00,1.07673,1.07723,1.07434,1.07484
2026-01-25 04:00,1.07484,1.07507,1.07463,1.07486
2026-01-25 05:00,1.07486,1.07688,1.07368,1.07570
2026-01-25 06:00,1.07570,1.07629,1.07479,1.07537
2026-01-25 07:00,1.07537,1.07784,1.07425,1.07672
2026-01-25 08:00,1.07672,1.07738,1.07567,1.07633
2026-01-25 09:00,1.07633,1.07855,1.07561,1.07784
2026-01-25 10:00,1.07784,1.07895,1.07734,1.07845
2026-01-25 11:00,1.07845,1.07932,1.07683,1.07770
2026-01-25 12:00,1.07770,1.07876,1.07749,1.07855
2026-01-25 13:00,1.07855,1.07889,1.07814,1.07848
2026-01-25 14:00,1.07848,1.07862,1.07795,1.07809
2026-01-25 15:00,1.07809,1.07813,1.07709,1.07713
2026-01-25 16:00,1.07713,1.07736,1.07709,1.07732
2026-01-25 17:00,1.07732,1.07779,1.07614,1.07661
2026-01-25 18:00,1.07661,1.07862,1.07625,1.07826
2026-01-25 19:00,1.07826,1.07987,1.07773,1.07933
2026-01-25 20:00,1.07933,1.08025,1.07925,1.08018
2026-01-25 21:00,1.08018,1.08041,1.07948,1.07971
2026-01-25 22:00,1.07971,1.08178,1.07890,1.08097
2026-01-25 23:00,1.08097,1.08122,1.07945,1.07970
2026-01-26 00:00,1.07970,1.08033,1.07831,1.07894
2026-01-26 01:00,1.07894,1.08065,1.07880,1.08051
2026-01-26 02:00,1.08051,1.08085,1.08020,1.08054
2026-01-26 03:00,1.08054,1.08062,1.08014,1.08023
2026-01-26 04:00,1.08023,1.08070,1.07982,1.08029
2026-01-26 05:00,1.08029,1.08186,1.07911,1.08068
2026-01-26 06:00,1.08068,1.08098,1.08014,1.08044
2026-01-26 07:00,1.08044,1.08053,1.08041,1.08050
2026-01-26 08:00,1.08050,1.08108,1.08024,1.08082
2026-01-26 09:00,1.08082,1.08162,1.08049,1.08129
2026-01-26 10:00,1.08129,1.08269,1.08051,1.08190
2026-01-26 11:00,1.08190,1.08207,1.08188,1.08206
2026-01-26 12:00,1.08206,1.08265,1.08163,1.08223
2026-01-26 13:00,1.08223,1.08256,1.08165,1.08198
2026-01-26 14:00,1.08198,1.08370,1.08166,1.08339
2026-01-26 15:00,1.08339,1.08355,1.08176,1.08192
2026-01-26 16:00,1.08192,1.08207,1.08022,1.08038
2026-01-26 17:00,1.08038,1.08040,1.07993,1.07995
2026-01-26 18:00,1.07995,1.07999,1.07775,1.07779
2026-01-26 19:00,1.07779,1.07959,1.07750,1.07930
2026-01-26 20:00,1.07930,1.08058,1.07876,1.08004
2026-01-26 21:00,1.08004,1.08044,1.07740,1.07780
2026-01-26 22:00,1.07780,1.07902,1.07755,1.07876
2026-01-26 23:00,1.07876,1.07929,1.07712,1.07765
2026-01-27 00:00,1.07765,1.07773,1.07560,1.07568
2026-01-27 01:00,1.07568,1.07613,1.07557,1.07602
2026-01-27 02:00,1.07602,1.07615,1.07562,1.07576
2026-01-27 03:00,1.07576,1.07660,1.07473,1.07557
2026-01-27 04:00,1.07557,1.07572,1.07465,1.07481
2026-01-27 05:00,1.07481,1.07594,1.07478,1.07592
2026-01-27 06:00,1.07592,1.07615,1.07451,1.07474
2026-01-27 07:00,1.07474,1.07643,1.07420,1.07589
2026-01-27 08:00,1.07589,1.07737,1.07519,1.07667
2026-01-27 09:00,1.07667,1.07780,1.07572,1.07685
2026-01-27 10:00,1.07685,1.07771,1.07621,1.07707
2026-01-27 11:00,1.07707,1.07772,1.07653,1.07718
2026-01-27 12:00,1.07718,1.07736,1.07611,1.07629
2026-01-27 13:00,1.07629,1.07744,1.07594,1.07708
2026-01-27 14:00,1.07708,1.07758,1.07614,1.07664
2026-01-27 15:00,1.07664,1.07893,1.07553,1.07781
2026-01-27 16:00,1.07781,1.07983,1.07735,1.07937
2026-01-27 17:00,1.07937,1.07986,1.07922,1.07971
2026-01-27 18:00,1.07971,1.08080,1.07850,1.07960
2026-01-27 19:00,1.07960,1.07987,1.07820,1.07848
2026-01-27 20:00,1.07848,1.07868,1.07753,1.07774
2026-01-27 21:00,1.07774,1.07873,1.07735,1.07835
2026-01-27 22:00,1.07835,1.07921,1.07673,1.07759
2026-01-27 23:00,1.07759,1.07927,1.07688,1.07856
2026-01-28 00:00,1.07856,1.07992,1.07840,1.07976
2026-01-28 01:00,1.07976,1.08040,1.07843,1.07906
2026-01-28 02:00,1.07906,1.08022,1.07821,1.07937
2026-01-28 03:00,1.07937,1.07973,1.07909,1.07944
2026-01-28 04:00,1.07944,1.08041,1.07897,1.07993
2026-01-28 05:00,1.07993,1.08081,1.07915,1.08003
2026-01-28 06:00,1.08003,1.08173,1.07894,1.08064
2026-01-28 07:00,1.08064,1.08247,1.08047,1.08229
2026-01-28 08:00,1.08229,1.08285,1.08075,1.08132
2026-01-28 09:00,1.08132,1.08359,1.08109,1.08336
2026-01-28 10:00,1.08336,1.08412,1.08295,1.08371
2026-01-28 11:00,1.08371,1.08515,1.08286,1.08430
2026-01-28 12:00,1.08430,1.08481,1.08350,1.08401
2026-01-28 13:00,1.08401,1.08588,1.08396,1.08583
2026-01-28 14:00,1.08583,1.08608,1.08475,1.08500
2026-01-28 15:00,1.08500,1.08647,1.08434,1.08580
2026-01-28 16:00,1.08580,1.08746,1.08561,1.08727
2026-01-28 17:00,1.08727,1.08809,1.08666,1.08748
2026-01-28 18:00,1.08748,1.08796,1.08653,1.08701
2026-01-28 19:00,1.08701,1.08804,1.08572,1.08674
2026-01-28 20:00,1.08674,1.08685,1.08630,1.08640
2026-01-28 21:00,1.08640,1.08702,1.08629,1.08690
2026-01-28 22:00,1.08690,1.08751,1.08530,1.08591
2026-01-28 23:00,1.08591,1.08679,1.08485,1.08573
2026-01-29 00:00,1.08573,1.08579,1.08471,1.08477
2026-01-29 01:00,1.08477,1.08576,1.08355,1.08455
2026-01-29 02:00,1.08455,1.08569,1.08413,1.08527
2026-01-29 03:00,1.08527,1.08616,1.08411,1.08500
2026-01-29 04:00,1.08500,1.08507,1.08359,1.08367
2026-01-29 05:00,1.08367,1.08471,1.08350,1.08454
2026-01-29 06:00,1.08454,1.08458,1.08441,1.08445
2026-01-29 07:00,1.08445,1.08484,1.08387,1.08426
2026-01-29 08:00,1.08426,1.08506,1.08391,1.08471
2026-01-29 09:00,1.08471,1.08478,1.08460,1.08466
2026-01-29 10:00,1.08466,1.08504,1.08428,1.08466
2026-01-29 11:00,1.08466,1.08530,1.08300,1.08364
2026-01-29 12:00,1.08364,1.08364,1.08193,1.08193
2026-01-29 13:00,1.08193,1.08228,1.08172,1.08206
2026-01-29 14:00,1.08206,1.08237,1.08192,1.08223
2026-01-29 15:00,1.08223,1.08441,1.08207,1.08425
2026-01-29 16:00,1.08425,1.08562,1.08365,1.08502
2026-01-29 17:00,1.08502,1.08544,1.08333,1.08375
2026-01-29 18:00,1.08375,1.08390,1.08322,1.08337
2026-01-29 19:00,1.08337,1.08423,1.08330,1.08417
2026-01-29 20:00,1.08417,1.08535,1.08338,1.08456
2026-01-29 21:00,1.08456,1.08674,1.08339,1.08556
2026-01-29 22:00,1.08556,1.08765,1.08496,1.08705
2026-01-29 23:00,1.08705,1.08790,1.08625,1.08710
2026-01-30 00:00,1.08710,1.08719,1.08612,1.08621
2026-01-30 01:00,1.08621,1.08672,1.08540,1.08591
2026-01-30 02:00,1.08591,1.08623,1.08533,1.08564
2026-01-30 03:00,1.08564,1.08566,1.08518,1.08520
2026-01-30 04:00,1.08520,1.08528,1.08317,1.08325
2026-01-30 05:00,1.08325,1.08404,1.08162,1.08241
2026-01-30 06:00,1.08241,1.08411,1.08141,1.08311
2026-01-30 07:00,1.08311,1.08349,1.08277,1.08315
2026-01-30 08:00,1.08315,1.08433,1.08238,1.08355
2026-01-30 09:00,1.08355,1.08452,1.08268,1.08364
2026-01-30 10:00,1.08364,1.08526,1.08272,1.08433
2026-01-30 11:00,1.08433,1.08437,1.08279,1.08283
2026-01-30 12:00,1.08283,1.08355,1.08217,1.08289
2026-01-30 13:00,1.08289,1.08428,1.08254,1.08393
2026-01-30 14:00,1.08393,1.08456,1.08247,1.08310
2026-01-30 15:00,1.08310,1.08457,1.08246,1.08393
2026-01-30 16:00,1.08393,1.08432,1.08375,1.08413
2026-01-30 17:00,1.08413,1.08432,1.08324,1.08342
2026-01-30 18:00,1.08342,1.08363,1.08318,1.08338
2026-01-30 19:00,1.08338,1.08340,1.08258,1.08261
2026-01-30 20:00,1.08261,1.08267,1.08226,1.08232
2026-01-30 21:00,1.08232,1.08271,1.08211,1.08250
2026-01-30 22:00,1.08250,1.08455,1.08161,1.08367
2026-01-30 23:00,1.08367,1.08414,1.08239,1.08287
2026-01-31 00:00,1.08287,1.08304,1.08158,1.08176
2026-01-31 01:00,1.08176,1.08349,1.08052,1.08226
2026-01-31 02:00,1.08226,1.08260,1.08036,1.08070
2026-01-31 03:00,1.08070,1.08113,1.07982,1.08025
2026-01-31 04:00,1.08025,1.08030,1.07969,1.07974
2026-01-31 05:00,1.07974,1.08024,1.07964,1.08014
2026-01-31 06:00,1.08014,1.08113,1.07981,1.08080
2026-01-31 07:00,1.08080,1.08150,1.07988,1.08057
2026-01-31 08:00,1.08057,1.08129,1.08017,1.08089
2026-01-31 09:00,1.08089,1.08114,1.07975,1.08000
2026-01-31 10:00,1.08000,1.08005,1.07943,1.07948
2026-01-31 11:00,1.07948,1.07983,1.07862,1.07897
2026-01-31 12:00,1.07897,1.07927,1.07799,1.07829
2026-01-31 13:00,1.07829,1.07890,1.07638,1.07699
2026-01-31 14:00,1.07699,1.07717,1.07662,1.07680
2026-01-31 15:00,1.07680,1.07843,1.07629,1.07792
2026-01-31 16:00,1.07792,1.07887,1.07668,1.07762
2026-01-31 17:00,1.07762,1.07871,1.07545,1.07654
2026-01-31 18:00,1.07654,1.07750,1.07615,1.07711
2026-01-31 19:00,1.07711,1.07727,1.07652,1.07668
2026-01-31 20:00,1.07668,1.07796,1.07403,1.07530
2026-01-31 21:00,1.07530,1.07587,1.07445,1.07502
2026-01-31 22:00,1.07502,1.07582,1.07247,1.07327
2026-01-31 23:00,1.07327,1.07381,1.07241,1.07295
2026-02-01 00:00,1.07295,1.07444,1.07189,1.07338
2026-02-01 01:00,1.07338,1.07437,1.07158,1.07257
2026-02-01 02:00,1.07257,1.07348,1.07157,1.07248
2026-02-01 03:00,1.07248,1.07262,1.07106,1.07120
2026-02-01 04:00,1.07120,1.07147,1.07019,1.07045
2026-02-01 05:00,1.07045,1.07074,1.06980,1.07009
2026-02-01 06:00,1.07009,1.07200,1.06866,1.07058
2026-02-01 07:00,1.07058,1.07061,1.06990,1.06994
2026-02-01 08:00,1.06994,1.07036,1.06975,1.07018
2026-02-01 09:00,1.07018,1.07064,1.06995,1.07041
2026-02-01 10:00,1.07041,1.07177,1.06928,1.07064
2026-02-01 11:00,1.07064,1.07094,1.07053,1.07083
2026-02-01 12:00,1.07083,1.07170,1.06916,1.07004
2026-02-01 13:00,1.07004,1.07106,1.06961,1.07063
2026-02-01 14:00,1.07063,1.07249,1.06967,1.07153
2026-02-01 15:00,1.07153,1.07283,1.07044,1.07175
2026-02-01 16:00,1.07175,1.07279,1.07119,1.07224
2026-02-01 17:00,1.07224,1.07272,1.07062,1.07110
2026-02-01 18:00,1.07110,1.07183,1.07045,1.07118
2026-02-01 19:00,1.07118,1.07215,1.06988,1.07086
2026-02-01 20:00,1.07086,1.07109,1.06957,1.06980
2026-02-01 21:00,1.06980,1.07082,1.06819,1.06921
2026-02-01 22:00,1.06921,1.06943,1.06732,1.06754
2026-02-01 23:00,1.06754,1.06861,1.06499,1.06607
2026-02-02 00:00,1.06607,1.06713,1.06600,1.06707
2026-02-02 01:00,1.06707,1.06765,1.06632,1.06690
2026-02-02 02:00,1.06690,1.06717,1.06432,1.06459
2026-02-02 03:00,1.06459,1.06624,1.06361,1.06526
2026-02-02 04:00,1.06526,1.06605,1.06491,1.06570
2026-02-02 05:00,1.06570,1.06665,1.06360,1.06455
2026-02-02 06:00,1.06455,1.06464,1.06406,1.06416
2026-02-02 07:00,1.06416,1.06612,1.06319,1.06515
2026-02-02 08:00,1.06515,1.06615,1.06383,1.06482
2026-02-02 09:00,1.06482,1.06611,1.06326,1.06455
2026-02-02 10:00,1.06455,1.06565,1.06403,1.06513
2026-02-02 11:00,1.06513,1.06588,1.06499,1.06574
2026-02-02 12:00,1.06574,1.06591,1.06478,1.06495
2026-02-02 13:00,1.06495,1.06528,1.06491,1.06524
2026-02-02 14:00,1.06524,1.06525,1.06458,1.06459
2026-02-02 15:00,1.06459,1.06548,1.06457,1.06546
2026-02-02 16:00,1.06546,1.06776,1.06522,1.06751
2026-02-02 17:00,1.06751,1.06895,1.06678,1.06821
2026-02-02 18:00,1.06821,1.06866,1.06789,1.06834
2026-02-02 19:00,1.06834,1.06944,1.06686,1.06795
2026-02-02 20:00,1.06795,1.06826,1.06748,1.06779
2026-02-02 21:00,1.06779,1.06842,1.06690,1.06753
2026-02-02 22:00,1.06753,1.06790,1.06752,1.06790
2026-02-02 23:00,1.06790,1.06903,1.06670,1.06784
2026-02-03 00:00,1.06784,1.06813,1.06616,1.06646
2026-02-03 01:00,1.06646,1.06651,1.06598,1.06603
2026-02-03 02:00,1.06603,1.06652,1.06536,1.06585
2026-02-03 03:00,1.06585,1.06694,1.06567,1.06675
2026-02-03 04:00,1.06675,1.06767,1.06612,1.06703
2026-02-03 05:00,1.06703,1.06937,1.06619,1.06853
2026-02-03 06:00,1.06853,1.06859,1.06834,1.06840
2026-02-03 07:00,1.06840,1.06844,1.06769,1.06774
2026-02-03 08:00,1.06774,1.06883,1.06724,1.06833
2026-02-03 09:00,1.06833,1.06862,1.06754,1.06783
2026-02-03 10:00,1.06783,1.06828,1.06624,1.06668
2026-02-03 11:00,1.06668,1.06962,1.06585,1.06878
2026-02-03 12:00,1.06878,1.07009,1.06848,1.06979
2026-02-03 13:00,1.06979,1.06987,1.06703,1.06711
2026-02-03 14:00,1.06711,1.06731,1.06607,1.06627
2026-02-03 15:00,1.06627,1.06643,1.06486,1.06502
2026-02-03 16:00,1.06502,1.06576,1.06496,1.06570
2026-02-03 17:00,1.06570,1.06739,1.06560,1.06729
2026-02-03 18:00,1.06729,1.06809,1.06566,1.06647
2026-02-03 19:00,1.06647,1.06721,1.06466,1.06540
2026-02-03 20:00,1.06540,1.06594,1.06479,1.06533
2026-02-03 21:00,1.06533,1.06663,1.06512,1.06642
2026-02-03 22:00,1.06642,1.06698,1.06608,1.06664
2026-02-03 23:00,1.06664,1.06749,1.06598,1.06683
2026-02-04 00:00,1.06683,1.06763,1.06560,1.06640
2026-02-04 01:00,1.06640,1.06673,1.06620,1.06653
2026-02-04 02:00,1.06653,1.06735,1.06587,1.06670
2026-02-04 03:00,1.06670,1.06687,1.06645,1.06663
2026-02-04 04:00,1.06663,1.06688,1.06646,1.06671
2026-02-04 05:00,1.06671,1.06800,1.06642,1.06771
2026-02-04 06:00,1.06771,1.06888,1.06765,1.06883
2026-02-04 07:00,1.06883,1.06984,1.06780,1.06881
2026-02-04 08:00,1.06881,1.06964,1.06828,1.06911
2026-02-04 09:00,1.06911,1.07065,1.06793,1.06947
2026-02-04 10:00,1.06947,1.06974,1.06897,1.06924
2026-02-04 11:00,1.06924,1.07017,1.06704,1.06797
2026-02-04 12:00,1.06797,1.06924,1.06662,1.06789
2026-02-04 13:00,1.06789,1.06895,1.06500,1.06606
2026-02-04 14:00,1.06606,1.06607,1.06499,1.06501
2026-02-04 15:00,1.06501,1.06631,1.06467,1.06598
2026-02-04 16:00,1.06598,1.06736,1.06506,1.06644
2026-02-04 17:00,1.06644,1.06791,1.06605,1.06752
2026-02-04 18:00,1.06752,1.06869,1.06684,1.06802
2026-02-04 19:00,1.06802,1.06824,1.06764,1.06786
2026-02-04 20:00,1.06786,1.06830,1.06702,1.06746
2026-02-04 21:00,1.06746,1.06784,1.06632,1.06670
2026-02-04 22:00,1.06670,1.06722,1.06588,1.06640
2026-02-04 23:00,1.06640,1.06847,1.06608,1.06815
2026-02-05 00:00,1.06815,1.06986,1.06454,1.06624
2026-02-05 01:00,1.06624,1.06790,1.06420,1.06586
2026-02-05 02:00,1.06586,1.06627,1.06578,1.06620
2026-02-05 03:00,1.06620,1.06663,1.06521,1.06564
2026-02-05 04:00,1.06564,1.06694,1.06479,1.06608
2026-02-05 05:00,1.06608,1.06666,1.06598,1.06656
2026-02-05 06:00,1.06656,1.06677,1.06640,1.06661
2026-02-05 07:00,1.06661,1.06847,1.06619,1.06805
2026-02-05 08:00,1.06805,1.06849,1.06703,1.06747
2026-02-05 09:00,1.06747,1.06780,1.06602,1.06636
2026-02-05 10:00,1.06636,1.06768,1.06410,1.06542
2026-02-05 11:00,1.06542,1.06615,1.06363,1.06437
2026-02-05 12:00,1.06437,1.06470,1.06306,1.06339
2026-02-05 13:00,1.06339,1.06391,1.06183,1.06235
2026-02-05 14:00,1.06235,1.06266,1.06206,1.06236
2026-02-05 15:00,1.06236,1.06306,1.06157,1.06227
2026-02-05 16:00,1.06227,1.06278,1.06090,1.06141
2026-02-05 17:00,1.06141,1.06187,1.06090,1.06136
2026-02-05 18:00,1.06136,1.06203,1.05786,1.05853
2026-02-05 19:00,1.05853,1.05983,1.05679,1.05809
2026-02-05 20:00,1.05809,1.05811,1.05762,1.05764
2026-02-05 21:00,1.05764,1.05877,1.05711,1.05824
2026-02-05 22:00,1.05824,1.05942,1.05785,1.05904
2026-02-05 23:00,1.05904,1.06068,1.05856,1.06020
2026-02-06 00:00,1.06020,1.06109,1.05977,1.06066
2026-02-06 01:00,1.06066,1.06084,1.06030,1.06048
2026-02-06 02:00,1.06048,1.06081,1.05833,1.05866
2026-02-06 03:00,1.05866,1.06027,1.05790,1.05951
2026-02-06 04:00,1.05951,1.06105,1.05913,1.06067
2026-02-06 05:00,1.06067,1.06166,1.05998,1.06097
2026-02-06 06:00,1.06097,1.06169,1.06069,1.06141
2026-02-06 07:00,1.06141,1.06326,1.06060,1.06244
2026-02-06 08:00,1.06244,1.06371,1.06232,1.06358
2026-02-06 09:00,1.06358,1.06438,1.06169,1.06249
2026-02-06 10:00,1.06249,1.06275,1.06106,1.06132
2026-02-06 11:00,1.06132,1.06226,1.06106,1.06199
2026-02-06 12:00,1.06199,1.06344,1.06199,1.06344
2026-02-06 13:00,1.06344,1.06360,1.06176,1.06192
2026-02-06 14:00,1.06192,1.06230,1.06171,1.06209
2026-02-06 15:00,1.06209,1.06352,1.06194,1.06337
2026-02-06 16:00,1.06337,1.06365,1.06180,1.06208
2026-02-06 17:00,1.06208,1.06310,1.06004,1.06106
2026-02-06 18:00,1.06106,1.06215,1.06022,1.06131
2026-02-06 19:00,1.06131,1.06371,1.05989,1.06229
2026-02-06 20:00,1.06229,1.06283,1.05996,1.06050
2026-02-06 21:00,1.06050,1.06105,1.06039,1.06094
2026-02-06 22:00,1.06094,1.06155,1.06065,1.06126
2026-02-06 23:00,1.06126,1.06211,1.05980,1.06064
2026-02-07 00:00,1.06064,1.06182,1.05826,1.05944
2026-02-07 01:00,1.05944,1.06153,1.05873,1.06082
2026-02-07 02:00,1.06082,1.06168,1.05997,1.06083
2026-02-07 03:00,1.06083,1.06092,1.06029,1.06039
2026-02-07 04:00,1.06039,1.06109,1.05934,1.06004
2026-02-07 05:00,1.06004,1.06004,1.05949,1.05950
2026-02-07 06:00,1.05950,1.06012,1.05938,1.06000
2026-02-07 07:00,1.06000,1.06080,1.05842,1.05922
2026-02-07 08:00,1.05922,1.05993,1.05716,1.05787
2026-02-07 09:00,1.05787,1.05830,1.05589,1.05633
2026-02-07 10:00,1.05633,1.05664,1.05629,1.05660
2026-02-07 11:00,1.05660,1.05722,1.05526,1.05587
2026-02-07 12:00,1.05587,1.05670,1.05415,1.05498
2026-02-07 13:00,1.05498,1.05541,1.05345,1.05388
2026-02-07 14:00,1.05388,1.05389,1.05261,1.05262
2026-02-07 15:00,1.05262,1.05408,1.05062,1.05208
2026-02-07 16:00,1.05208,1.05219,1.05035,1.05047
2026-02-07 17:00,1.05047,1.05093,1.04971,1.05018
2026-02-07 18:00,1.05018,1.05056,1.05008,1.05047
2026-02-07 19:00,1.05047,1.05072,1.04926,1.04952
2026-02-07 20:00,1.04952,1.05066,1.04873,1.04987
2026-02-07 21:00,1.04987,1.05076,1.04845,1.04933
2026-02-07 22:00,1.04933,1.05052,1.04798,1.04917
2026-02-07 23:00,1.04917,1.04969,1.04912,1.04965
2026-02-08 00:00,1.04965,1.05021,1.04830,1.04886
2026-02-08 01:00,1.04886,1.04947,1.04783,1.04844
2026-02-08 02:00,1.04844,1.04889,1.04793,1.04838
2026-02-08 03:00,1.04838,1.04928,1.04809,1.04900
2026-02-08 04:00,1.04900,1.04955,1.04753,1.04808
2026-02-08 05:00,1.04808,1.04931,1.04688,1.04811
2026-02-08 06:00,1.04811,1.04900,1.04766,1.04855
2026-02-08 07:00,1.04855,1.04879,1.04762,1.04787
2026-02-08 08:00,1.04787,1.04866,1.04716,1.04796
2026-02-08 09:00,1.04796,1.04803,1.04685,1.04692
2026-02-08 10:00,1.04692,1.04704,1.04673,1.04686
2026-02-08 11:00,1.04686,1.04811,1.04661,1.04787
2026-02-08 12:00,1.04787,1.04858,1.04778,1.04849
2026-02-08 13:00,1.04849,1.04864,1.04817,1.04832
2026-02-08 14:00,1.04832,1.04836,1.04643,1.04647
2026-02-08 15:00,1.04647,1.04703,1.04535,1.04591
2026-02-08 16:00,1.04591,1.04617,1.04395,1.04422
2026-02-08 17:00,1.04422,1.04474,1.04201,1.04254
2026-02-08 18:00,1.04254,1.04354,1.04132,1.04233
2026-02-08 19:00,1.04233,1.04278,1.04128,1.04173
2026-02-08 20:00,1.04173,1.04190,1.04104,1.04120
2026-02-08 21:00,1.04120,1.04128,1.04080,1.04088
2026-02-08 22:00,1.04088,1.04091,1.03933,1.03936
2026-02-08 23:00,1.03936,1.04113,1.03709,1.03887
2026-02-09 00:00,1.03887,1.03914,1.03841,1.03868
2026-02-09 01:00,1.03868,1.03967,1.03859,1.03958
2026-02-09 02:00,1.03958,1.04034,1.03906,1.03982
2026-02-09 03:00,1.03982,1.04160,1.03944,1.04123
2026-02-09 04:00,1.04123,1.04225,1.04055,1.04157
2026-02-09 05:00,1.04157,1.04157,1.04131,1.04131
2026-02-09 06:00,1.04131,1.04225,1.04090,1.04184
2026-02-09 07:00,1.04184,1.04195,1.04076,1.04087
2026-02-09 08:00,1.04087,1.04132,1.03958,1.04003
2026-02-09 09:00,1.04003,1.04076,1.03872,1.03945
2026-02-09 10:00,1.03945,1.04246,1.03789,1.04090
2026-02-09 11:00,1.04090,1.04140,1.04035,1.04086
2026-02-09 12:00,1.04086,1.04182,1.03903,1.03999
2026-02-09 13:00,1.03999,1.04018,1.03843,1.03862
2026-02-09 14:00,1.03862,1.03967,1.03707,1.03812
2026-02-09 15:00,1.03812,1.03878,1.03655,1.03721
2026-02-09 16:00,1.03721,1.03850,1.03711,1.03840
2026-02-09 17:00,1.03840,1.03975,1.03748,1.03883
2026-02-09 18:00,1.03883,1.03896,1.03863,1.03876
2026-02-09 19:00,1.03876,1.03901,1.03620,1.03645
2026-02-09 20:00,1.03645,1.03779,1.03543,1.03678
2026-02-09 21:00,1.03678,1.03723,1.03506,1.03551
2026-02-09 22:00,1.03551,1.03570,1.03486,1.03505
2026-02-09 23:00,1.03505,1.03565,1.03359,1.03419
2026-02-10 00:00,1.03419,1.03476,1.03391,1.03448
2026-02-10 01:00,1.03448,1.03461,1.03425,1.03439
2026-02-10 02:00,1.03439,1.03490,1.03430,1.03481
2026-02-10 03:00,1.03481,1.03565,1.03475,1.03559
2026-02-10 04:00,1.03559,1.03715,1.03484,1.03640
2026-02-10 05:00,1.03640,1.03695,1.03454,1.03510
2026-02-10 06:00,1.03510,1.03729,1.03451,1.03671
2026-02-10 07:00,1.03671,1.03692,1.03647,1.03669
2026-02-10 08:00,1.03669,1.03741,1.03638,1.03709
2026-02-10 09:00,1.03709,1.03788,1.03571,1.03650
2026-02-10 10:00,1.03650,1.03658,1.03565,1.03574
2026-02-10 11:00,1.03574,1.03784,1.03457,1.03667
2026-02-10 12:00,1.03667,1.03714,1.03575,1.03621
2026-02-10 13:00,1.03621,1.03737,1.03527,1.03642
2026-02-10 14:00,1.03642,1.03714,1.03485,1.03557
2026-02-10 15:00,1.03557,1.03582,1.03488,1.03513
2026-02-10 16:00,1.03513,1.03593,1.03436,1.03516
2026-02-10 17:00,1.03516,1.03714,1.03357,1.03555
2026-02-10 18:00,1.03555,1.03602,1.03486,1.03534
2026-02-10 19:00,1.03534,1.03662,1.03443,1.03572
2026-02-10 20:00,1.03572,1.03623,1.03488,1.03539
2026-02-10 21:00,1.03539,1.03729,1.03496,1.03686
2026-02-10 22:00,1.03686,1.03716,1.03650,1.03680
2026-02-10 23:00,1.03680,1.03733,1.03590,1.03642
2026-02-11 00:00,1.03642,1.03822,1.03628,1.03808
2026-02-11 01:00,1.03808,1.03995,1.03777,1.03965
2026-02-11 02:00,1.03965,1.04013,1.03899,1.03947
2026-02-11 03:00,1.03947,1.04001,1.03875,1.03929
2026-02-11 04:00,1.03929,1.03946,1.03849,1.03865
2026-02-11 05:00,1.03865,1.03871,1.03801,1.03806
2026-02-11 06:00,1.03806,1.03840,1.03571,1.03604
2026-02-11 07:00,1.03604,1.03635,1.03558,1.03589
2026-02-11 08:00,1.03589,1.03642,1.03447,1.03500
2026-02-11 09:00,1.03500,1.03597,1.03411,1.03507
2026-02-11 10:00,1.03507,1.03524,1.03366,1.03382
2026-02-11 11:00,1.03382,1.03491,1.03362,1.03471
2026-02-11 12:00,1.03471,1.03498,1.03437,1.03464
2026-02-11 13:00,1.03464,1.03472,1.03457,1.03466
2026-02-11 14:00,1.03466,1.03509,1.03227,1.03270
2026-02-11 15:00,1.03270,1.03347,1.03018,1.03095
2026-02-11 16:00,1.03095,1.03217,1.03048,1.03170
2026-02-11 17:00,1.03170,1.03390,1.03023,1.03243
2026-02-11 18:00,1.03243,1.03321,1.03110,1.03188
2026-02-11 19:00,1.03188,1.03236,1.03174,1.03222
2026-02-11 20:00,1.03222,1.03255,1.03090,1.03123
2026-02-11 21:00,1.03123,1.03262,1.02949,1.03088
2026-02-11 22:00,1.03088,1.03156,1.03069,1.03137
2026-02-11 23:00,1.03137,1.03204,1.03112,1.03179
2026-02-12 00:00,1.03179,1.03549,1.03080,1.03450
2026-02-12 01:00,1.03450,1.03492,1.03324,1.03367
2026-02-12 02:00,1.03367,1.03639,1.03307,1.03580
2026-02-12 03:00,1.03580,1.03800,1.03525,1.03745
2026-02-12 04:00,1.03745,1.03867,1.03741,1.03862
2026-02-12 05:00,1.03862,1.04171,1.03756,1.04064
2026-02-12 06:00,1.04064,1.04240,1.03830,1.04007
2026-02-12 07:00,1.04007,1.04025,1.03887,1.03906
2026-02-12 08:00,1.03906,1.04114,1.03862,1.04070
2026-02-12 09:00,1.04070,1.04078,1.04005,1.04013
2026-02-12 10:00,1.04013,1.04078,1.03990,1.04055
2026-02-12 11:00,1.04055,1.04066,1.03977,1.03988
2026-02-12 12:00,1.03988,1.04137,1.03898,1.04047
2026-02-12 13:00,1.04047,1.04152,1.03971,1.04077
2026-02-12 14:00,1.04077,1.04118,1.04040,1.04080
2026-02-12 15:00,1.04080,1.04300,1.03980,1.04200
2026-02-12 16:00,1.04200,1.04315,1.04136,1.04251
2026-02-12 17:00,1.04251,1.04413,1.04205,1.04367
2026-02-12 18:00,1.04367,1.04417,1.04336,1.04387
2026-02-12 19:00,1.04387,1.04428,1.04317,1.04358
2026-02-12 20:00,1.04358,1.04402,1.04310,1.04354
2026-02-12 21:00,1.04354,1.04509,1.04205,1.04360
2026-02-12 22:00,1.04360,1.04451,1.04224,1.04315
2026-02-12 23:00,1.04315,1.04453,1.04309,1.04446
2026-02-13 00:00,1.04446,1.04467,1.04416,1.04436
2026-02-13 01:00,1.04436,1.04528,1.04401,1.04494
2026-02-13 02:00,1.04494,1.04533,1.04367,1.04406
2026-02-13 03:00,1.04406,1.04575,1.04349,1.04518
2026-02-13 04:00,1.04518,1.04546,1.04474,1.04502
2026-02-13 05:00,1.04502,1.04593,1.04477,1.04568
2026-02-13 06:00,1.04568,1.04596,1.04493,1.04521
2026-02-13 07:00,1.04521,1.04583,1.04496,1.04557
2026-02-13 08:00,1.04557,1.04639,1.04474,1.04556
2026-02-13 09:00,1.04556,1.04594,1.04421,1.04459
2026-02-13 10:00,1.04459,1.04472,1.04336,1.04350
2026-02-13 11:00,1.04350,1.04386,1.04282,1.04318
2026-02-13 12:00,1.04318,1.04422,1.04218,1.04321
2026-02-13 13:00,1.04321,1.04366,1.04304,1.04348
2026-02-13 14:00,1.04348,1.04379,1.04186,1.04216
2026-02-13 15:00,1.04216,1.04356,1.04180,1.04320
2026-02-13 16:00,1.04320,1.04454,1.04291,1.04425
2026-02-13 17:00,1.04425,1.04428,1.04306,1.04309
2026-02-13 18:00,1.04309,1.04400,1.04266,1.04357
2026-02-13 19:00,1.04357,1.04361,1.04310,1.04314
2026-02-13 20:00,1.04314,1.04424,1.04237,1.04347
2026-02-13 21:00,1.04347,1.04477,1.04309,1.04439
2026-02-13 22:00,1.04439,1.04537,1.04377,1.04475
2026-02-13 23:00,1.04475,1.04481,1.04371,1.04377
2026-02-14 00:00,1.04377,1.04495,1.04353,1.04472
2026-02-14 01:00,1.04472,1.04613,1.04381,1.04523
2026-02-14 02:00,1.04523,1.04590,1.04325,1.04392
2026-02-14 03:00,1.04392,1.04471,1.04311,1.04390
2026-02-14 04:00,1.04390,1.04486,1.04375,1.04470
2026-02-14 05:00,1.04470,1.04812,1.04395,1.04737
2026-02-14 06:00,1.04737,1.04778,1.04728,1.04769
2026-02-14 07:00,1.04769,1.04797,1.04763,1.04791
2026-02-14 08:00,1.04791,1.04846,1.04606,1.04662
2026-02-14 09:00,1.04662,1.04853,1.04497,1.04688
2026-02-14 10:00,1.04688,1.04737,1.04581,1.04631
2026-02-14 11:00,1.04631,1.04723,1.04629,1.04720
2026-02-14 12:00,1.04720,1.04951,1.04625,1.04855
2026-02-14 13:00,1.04855,1.04919,1.04695,1.04759
2026-02-14 14:00,1.04759,1.04823,1.04637,1.04701
2026-02-14 15:00,1.04701,1.04747,1.04609,1.04654
2026-02-14 16:00,1.04654,1.04771,1.04587,1.04704
2026-02-14 17:00,1.04704,1.04721,1.04544,1.04562
2026-02-14 18:00,1.04562,1.04569,1.04557,1.04564
2026-02-14 19:00,1.04564,1.04647,1.04557,1.04640
2026-02-14 20:00,1.04640,1.04707,1.04522,1.04589
2026-02-14 21:00,1.04589,1.04611,1.04403,1.04425
2026-02-14 22:00,1.04425,1.04483,1.04370,1.04427
2026-02-14 23:00,1.04427,1.04567,1.04255,1.04394
2026-02-15 00:00,1.04394,1.04423,1.04359,1.04388
2026-02-15 01:00,1.04388,1.04482,1.04330,1.04423
2026-02-15 02:00,1.04423,1.04567,1.04299,1.04443
2026-02-15 03:00,1.04443,1.04509,1.04439,1.04505
2026-02-15 04:00,1.04505,1.04534,1.04495,1.04525
2026-02-15 05:00,1.04525,1.04578,1.04357,1.04411
2026-02-15 06:00,1.04411,1.04582,1.04381,1.04553
2026-02-15 07:00,1.04553,1.04578,1.04474,1.04500
2026-02-15 08:00,1.04500,1.04655,1.04382,1.04537
2026-02-15 09:00,1.04537,1.04663,1.04513,1.04638
2026-02-15 10:00,1.04638,1.04745,1.04491,1.04598
2026-02-15 11:00,1.04598,1.04651,1.04538,1.04590
2026-02-15 12:00,1.04590,1.04642,1.04429,1.04481
2026-02-15 13:00,1.04481,1.04527,1.04403,1.04449
2026-02-15 14:00,1.04449,1.04601,1.04380,1.04532
2026-02-15 15:00,1.04532,1.04597,1.04482,1.04547
2026-02-15 16:00,1.04547,1.04758,1.04508,1.04719
2026-02-15 17:00,1.04719,1.04867,1.04675,1.04823
2026-02-15 18:00,1.04823,1.04854,1.04694,1.04725
2026-02-15 19:00,1.04725,1.04957,1.04700,1.04933
2026-02-15 20:00,1.04933,1.05025,1.04761,1.04854
2026-02-15 21:00,1.04854,1.04911,1.04755,1.04812
2026-02-15 22:00,1.04812,1.04907,1.04765,1.04860
2026-02-15 23:00,1.04860,1.04928,1.04791,1.04859
2026-02-16 00:00,1.04859,1.04941,1.04818,1.04900
2026-02-16 01:00,1.04900,1.05005,1.04749,1.04854
2026-02-16 02:00,1.04854,1.04989,1.04814,1.04950
2026-02-16 03:00,1.04950,1.05074,1.04934,1.05059
2026-02-16 04:00,1.05059,1.05133,1.05025,1.05100
2026-02-16 05:00,1.05100,1.05217,1.05017,1.05134
2026-02-16 06:00,1.05134,1.05339,1.05079,1.05284
2026-02-16 07:00,1.05284,1.05455,1.05231,1.05402
2026-02-16 08:00,1.05402,1.05468,1.05357,1.05424
2026-02-16 09:00,1.05424,1.05496,1.05292,1.05364
2026-02-16 10:00,1.05364,1.05429,1.05337,1.05401
2026-02-16 11:00,1.05401,1.05505,1.05305,1.05409
2026-02-16 12:00,1.05409,1.05433,1.05284,1.05309
2026-02-16 13:00,1.05309,1.05400,1.05270,1.05361
2026-02-16 14:00,1.05361,1.05375,1.05358,1.05373
2026-02-16 15:00,1.05373,1.05641,1.05314,1.05582
2026-02-16 16:00,1.05582,1.05999,1.05423,1.05841
2026-02-16 17:00,1.05841,1.05846,1.05765,1.05771
2026-02-16 18:00,1.05771,1.05795,1.05694,1.05719
2026-02-16 19:00,1.05719,1.05852,1.05680,1.05813
2026-02-16 20:00,1.05813,1.05882,1.05755,1.05824
2026-02-16 21:00,1.05824,1.05836,1.05726,1.05737
2026-02-16 22:00,1.05737,1.05809,1.05654,1.05726
2026-02-16 23:00,1.05726,1.05727,1.05681,1.05682
2026-02-17 00:00,1.05682,1.05787,1.05674,1.05779
2026-02-17 01:00,1.05779,1.05994,1.05666,1.05882
2026-02-17 02:00,1.05882,1.05927,1.05769,1.05814
2026-02-17 03:00,1.05814,1.05831,1.05736,1.05752
2026-02-17 04:00,1.05752,1.05828,1.05715,1.05791
2026-02-17 05:00,1.05791,1.05928,1.05760,1.05896
2026-02-17 06:00,1.05896,1.05913,1.05831,1.05848
2026-02-17 07:00,1.05848,1.05899,1.05750,1.05802
2026-02-17 08:00,1.05802,1.05912,1.05741,1.05851
2026-02-17 09:00,1.05851,1.05927,1.05695,1.05771
2026-02-17 10:00,1.05771,1.05882,1.05648,1.05759
2026-02-17 11:00,1.05759,1.05900,1.05741,1.05882
2026-02-17 12:00,1.05882,1.05884,1.05822,1.05824
2026-02-17 13:00,1.05824,1.05871,1.05789,1.05836
2026-02-17 14:00,1.05836,1.05904,1.05745,1.05813
2026-02-17 15:00,1.05813,1.05944,1.05776,1.05907
2026-02-17 16:00,1.05907,1.05923,1.05867,1.05884
2026-02-17 17:00,1.05884,1.06075,1.05859,1.06051
2026-02-17 18:00,1.06051,1.06203,1.06020,1.06173
2026-02-17 19:00,1.06173,1.06239,1.06111,1.06178
2026-02-17 20:00,1.06178,1.06246,1.06141,1.06210
2026-02-17 21:00,1.06210,1.06218,1.06196,1.06203
2026-02-17 22:00,1.06203,1.06205,1.06111,1.06113
2026-02-17 23:00,1.06113,1.06173,1.05951,1.06011
2026-02-18 00:00,1.06011,1.06057,1.05884,1.05930
2026-02-18 01:00,1.05930,1.05931,1.05916,1.05917
2026-02-18 02:00,1.05917,1.05920,1.05897,1.05900
2026-02-18 03:00,1.05900,1.05909,1.05817,1.05826
2026-02-18 04:00,1.05826,1.05840,1.05824,1.05839
2026-02-18 05:00,1.05839,1.05970,1.05756,1.05887
2026-02-18 06:00,1.05887,1.06075,1.05764,1.05952
2026-02-18 07:00,1.05952,1.05997,1.05935,1.05980
2026-02-18 08:00,1.05980,1.06043,1.05948,1.06011
2026-02-18 09:00,1.06011,1.06030,1.05827,1.05845
2026-02-18 10:00,1.05845,1.05905,1.05771,1.05831
2026-02-18 11:00,1.05831,1.05875,1.05720,1.05764
2026-02-18 12:00,1.05764,1.05836,1.05436,1.05509
2026-02-18 13:00,1.05509,1.05616,1.05419,1.05526
2026-02-18 14:00,1.05526,1.05670,1.05455,1.05598
2026-02-18 15:00,1.05598,1.05769,1.05519,1.05690
2026-02-18 16:00,1.05690,1.05792,1.05658,1.05760
2026-02-18 17:00,1.05760,1.05766,1.05721,1.05727
2026-02-18 18:00,1.05727,1.05781,1.05725,1.05779
2026-02-18 19:00,1.05779,1.05779,1.05679,1.05679
2026-02-18 20:00,1.05679,1.05777,1.05604,1.05701
2026-02-18 21:00,1.05701,1.05744,1.05680,1.05723
2026-02-18 22:00,1.05723,1.05726,1.05690,1.05693
2026-02-18 23:00,1.05693,1.05850,1.05576,1.05733
2026-02-19 00:00,1.05733,1.05851,1.05689,1.05807
2026-02-19 01:00,1.05807,1.05844,1.05800,1.05838
2026-02-19 02:00,1.05838,1.06064,1.05780,1.06006
2026-02-19 03:00,1.06006,1.06012,1.05975,1.05981
2026-02-19 04:00,1.05981,1.06071,1.05959,1.06048
2026-02-19 05:00,1.06048,1.06180,1.06029,1.06161
2026-02-19 06:00,1.06161,1.06256,1.06065,1.06159
2026-02-19 07:00,1.06159,1.06174,1.06113,1.06127
2026-02-19 08:00,1.06127,1.06196,1.06089,1.06158
2026-02-19 09:00,1.06158,1.06252,1.06107,1.06200
2026-02-19 10:00,1.06200,1.06294,1.06168,1.06261
2026-02-19 11:00,1.06261,1.06294,1.06226,1.06259
2026-02-19 12:00,1.06259,1.06407,1.06252,1.06400
2026-02-19 13:00,1.06400,1.06401,1.06152,1.06153
2026-02-19 14:00,1.06153,1.06262,1.06131,1.06240
2026-02-19 15:00,1.06240,1.06327,1.06194,1.06280
2026-02-19 16:00,1.06280,1.06452,1.06132,1.06303
2026-02-19 17:00,1.06303,1.06366,1.06114,1.06176
2026-02-19 18:00,1.06176,1.06252,1.06167,1.06243
2026-02-19 19:00,1.06243,1.06348,1.06240,1.06344
2026-02-19 20:00,1.06344,1.06457,1.06096,1.06209
2026-02-19 21:00,1.06209,1.06246,1.06044,1.06082
2026-02-19 22:00,1.06082,1.06103,1.06036,1.06058
2026-02-19 23:00,1.06058,1.06131,1.05863,1.05936
2026-02-20 00:00,1.05936,1.05960,1.05900,1.05924
2026-02-20 01:00,1.05924,1.06079,1.05846,1.06001
2026-02-20 02:00,1.06001,1.06074,1.05825,1.05899
2026-02-20 03:00,1.05899,1.05925,1.05852,1.05878
2026-02-20 04:00,1.05878,1.05953,1.05876,1.05952
2026-02-20 05:00,1.05952,1.05988,1.05866,1.05903
2026-02-20 06:00,1.05903,1.05967,1.05874,1.05938
2026-02-20 07:00,1.05938,1.05962,1.05802,1.05826
2026-02-20 08:00,1.05826,1.05834,1.05798,1.05805
2026-02-20 09:00,1.05805,1.05826,1.05756,1.05777
2026-02-20 10:00,1.05777,1.05808,1.05678,1.05709
2026-02-20 11:00,1.05709,1.05742,1.05616,1.05649
2026-02-20 12:00,1.05649,1.05666,1.05601,1.05617
2026-02-20 13:00,1.05617,1.05848,1.05541,1.05772
2026-02-20 14:00,1.05772,1.05896,1.05762,1.05885
2026-02-20 15:00,1.05885,1.05975,1.05833,1.05924
2026-02-20 16:00,1.05924,1.06008,1.05885,1.05970
2026-02-20 17:00,1.05970,1.05970,1.05933,1.05933
2026-02-20 18:00,1.05933,1.05959,1.05819,1.05844
2026-02-20 19:00,1.05844,1.05846,1.05802,1.05804
2026-02-20 20:00,1.05804,1.05849,1.05755,1.05800
2026-02-20 21:00,1.05800,1.05857,1.05654,1.05711
2026-02-20 22:00,1.05711,1.05749,1.05684,1.05722
2026-02-20 23:00,1.05722,1.05860,1.05507,1.05645
2026-02-21 00:00,1.05645,1.05717,1.05507,1.05579
2026-02-21 01:00,1.05579,1.05653,1.05529,1.05603
2026-02-21 02:00,1.05603,1.05698,1.05420,1.05515
2026-02-21 03:00,1.05515,1.05792,1.05390,1.05666
2026-02-21 04:00,1.05666,1.05754,1.05626,1.05715
2026-02-21 05:00,1.05715,1.05781,1.05701,1.05768
2026-02-21 06:00,1.05768,1.05911,1.05531,1.05673
2026-02-21 07:00,1.05673,1.05753,1.05664,1.05743
2026-02-21 08:00,1.05743,1.05809,1.05638,1.05704
2026-02-21 09:00,1.05704,1.05725,1.05620,1.05641
2026-02-21 10:00,1.05641,1.05719,1.05442,1.05519
2026-02-21 11:00,1.05519,1.05538,1.05463,1.05481
2026-02-21 12:00,1.05481,1.05513,1.05335,1.05367
2026-02-21 13:00,1.05367,1.05393,1.05207,1.05233
2026-02-21 14:00,1.05233,1.05279,1.04972,1.05018
2026-02-21 15:00,1.05018,1.05040,1.04854,1.04877
2026-02-21 16:00,1.04877,1.04896,1.04785,1.04804
2026-02-21 17:00,1.04804,1.04908,1.04638,1.04742
2026-02-21 18:00,1.04742,1.04824,1.04683,1.04765
2026-02-21 19:00,1.04765,1.04765,1.04633,1.04634
2026-02-21 20:00,1.04634,1.04725,1.04546,1.04637
2026-02-21 21:00,1.04637,1.04740,1.04496,1.04599
2026-02-21 22:00,1.04599,1.04924,1.04517,1.04842
2026-02-21 23:00,1.04842,1.04849,1.04740,1.04748
2026-02-22 00:00,1.04748,1.04753,1.04536,1.04542
2026-02-22 01:00,1.04542,1.04612,1.04428,1.04498
2026-02-22 02:00,1.04498,1.04571,1.04443,1.04516
2026-02-22 03:00,1.04516,1.04646,1.04471,1.04601
2026-02-22 04:00,1.04601,1.04620,1.04554,1.04573
2026-02-22 05:00,1.04573,1.04672,1.04486,1.04585
2026-02-22 06:00,1.04585,1.04653,1.04434,1.04502
2026-02-22 07:00,1.04502,1.04794,1.04455,1.04747
2026-02-22 08:00,1.04747,1.04801,1.04649,1.04703
2026-02-22 09:00,1.04703,1.04859,1.04547,1.04703
2026-02-22 10:00,1.04703,1.04707,1.04684,1.04688
2026-02-22 11:00,1.04688,1.04760,1.04607,1.04679
2026-02-22 12:00,1.04679,1.04688,1.04548,1.04557
2026-02-22 13:00,1.04557,1.04587,1.04437,1.04467
2026-02-22 14:00,1.04467,1.04532,1.04278,1.04343
2026-02-22 15:00,1.04343,1.04381,1.04212,1.04250
2026-02-22 16:00,1.04250,1.04261,1.04224,1.04235
2026-02-22 17:00,1.04235,1.04343,1.04197,1.04305
2026-02-22 18:00,1.04305,1.04352,1.04298,1.04345
2026-02-22 19:00,1.04345,1.04400,1.04333,1.04388
2026-02-22 20:00,1.04388,1.04449,1.04286,1.04347
2026-02-22 21:00,1.04347,1.04437,1.04281,1.04371
2026-02-22 22:00,1.04371,1.04381,1.04262,1.04272
2026-02-22 23:00,1.04272,1.04322,1.04193,1.04243
2026-02-23 00:00,1.04243,1.04347,1.04084,1.04188
2026-02-23 01:00,1.04188,1.04393,1.04111,1.04316
2026-02-23 02:00,1.04316,1.04388,1.04159,1.04231
2026-02-23 03:00,1.04231,1.04509,1.04083,1.04360
2026-02-23 04:00,1.04360,1.04398,1.04322,1.04359
2026-02-23 05:00,1.04359,1.04482,1.04294,1.04417
2026-02-23 06:00,1.04417,1.04488,1.04406,1.04477
2026-02-23 07:00,1.04477,1.04498,1.04404,1.04426
2026-02-23 08:00,1.04426,1.04475,1.04312,1.04362
2026-02-23 09:00,1.04362,1.04495,1.04346,1.04480
2026-02-23 10:00,1.04480,1.04592,1.04404,1.04516
2026-02-23 11:00,1.04516,1.04576,1.04344,1.04405
2026-02-23 12:00,1.04405,1.04539,1.04308,1.04442
2026-02-23 13:00,1.04442,1.04471,1.04422,1.04451
2026-02-23 14:00,1.04451,1.04666,1.04378,1.04593
2026-02-23 15:00,1.04593,1.04670,1.04544,1.04621
2026-02-23 16:00,1.04621,1.04633,1.04537,1.04550
2026-02-23 17:00,1.04550,1.04674,1.04494,1.04618
2026-02-23 18:00,1.04618,1.04680,1.04474,1.04536
2026-02-23 19:00,1.04536,1.04588,1.04390,1.04441
2026-02-23 20:00,1.04441,1.04536,1.04243,1.04337
2026-02-23 21:00,1.04337,1.04411,1.04138,1.04212
2026-02-23 22:00,1.04212,1.04260,1.04139,1.04187
2026-02-23 23:00,1.04187,1.04204,1.04139,1.04155
2026-02-24 00:00,1.04155,1.04204,1.04133,1.04182
2026-02-24 01:00,1.04182,1.04218,1.04123,1.04159
2026-02-24 02:00,1.04159,1.04226,1.04051,1.04118
2026-02-24 03:00,1.04118,1.04134,1.04056,1.04072
2026-02-24 04:00,1.04072,1.04097,1.04000,1.04025
2026-02-24 05:00,1.04025,1.04095,1.03861,1.03931
2026-02-24 06:00,1.03931,1.04134,1.03487,1.03691
2026-02-24 07:00,1.03691,1.03714,1.03566,1.03589
2026-02-24 08:00,1.03589,1.03676,1.03549,1.03635
2026-02-24 09:00,1.03635,1.03641,1.03597,1.03603
2026-02-24 10:00,1.03603,1.03610,1.03586,1.03592
2026-02-24 11:00,1.03592,1.03780,1.03509,1.03697
2026-02-24 12:00,1.03697,1.03813,1.03681,1.03797
2026-02-24 13:00,1.03797,1.03800,1.03654,1.03657
2026-02-24 14:00,1.03657,1.03715,1.03447,1.03505
2026-02-24 15:00,1.03505,1.03507,1.03462,1.03464
2026-02-24 16:00,1.03464,1.03630,1.03444,1.03610
2026-02-24 17:00,1.03610,1.03656,1.03541,1.03588
2026-02-24 18:00,1.03588,1.03596,1.03522,1.03531
2026-02-24 19:00,1.03531,1.03557,1.03358,1.03385
2026-02-24 20:00,1.03385,1.03468,1.03309,1.03392
2026-02-24 21:00,1.03392,1.03442,1.03373,1.03422
2026-02-24 22:00,1.03422,1.03556,1.03312,1.03445
2026-02-24 23:00,1.03445,1.03528,1.03247,1.03330
2026-02-25 00:00,1.03330,1.03489,1.03305,1.03465
2026-02-25 01:00,1.03465,1.03517,1.03148,1.03200
2026-02-25 02:00,1.03200,1.03400,1.03132,1.03332
2026-02-25 03:00,1.03332,1.03383,1.03279,1.03329
2026-02-25 04:00,1.03329,1.03424,1.03329,1.03424
2026-02-25 05:00,1.03424,1.03514,1.03234,1.03324
2026-02-25 06:00,1.03324,1.03396,1.02982,1.03054
2026-02-25 07:00,1.03054,1.03105,1.03010,1.03061
2026-02-25 08:00,1.03061,1.03176,1.02987,1.03102
2026-02-25 09:00,1.03102,1.03178,1.02939,1.03015
2026-02-25 10:00,1.03015,1.03042,1.02948,1.02975
2026-02-25 11:00,1.02975,1.03042,1.02944,1.03011
2026-02-25 12:00,1.03011,1.03036,1.02990,1.03016
2026-02-25 13:00,1.03016,1.03055,1.02930,1.02969
2026-02-25 14:00,1.02969,1.02982,1.02875,1.02888
2026-02-25 15:00,1.02888,1.02936,1.02816,1.02863
2026-02-25 16:00,1.02863,1.02981,1.02723,1.02840
2026-02-25 17:00,1.02840,1.02980,1.02832,1.02972
2026-02-25 18:00,1.02972,1.03246,1.02885,1.03159
2026-02-25 19:00,1.03159,1.03332,1.03028,1.03201
2026-02-25 20:00,1.03201,1.03384,1.03195,1.03378
2026-02-25 21:00,1.03378,1.03586,1.03292,1.03500
2026-02-25 22:00,1.03500,1.03595,1.03403,1.03497
2026-02-25 23:00,1.03497,1.03655,1.03408,1.03566
2026-02-26 00:00,1.03566,1.03628,1.03453,1.03516
2026-02-26 01:00,1.03516,1.03538,1.03427,1.03449
2026-02-26 02:00,1.03449,1.03474,1.03301,1.03327
2026-02-26 03:00,1.03327,1.03373,1.03309,1.03355
2026-02-26 04:00,1.03355,1.03360,1.03277,1.03282
2026-02-26 05:00,1.03282,1.03383,1.03260,1.03361
2026-02-26 06:00,1.03361,1.03453,1.03344,1.03436
2026-02-26 07:00,1.03436,1.03593,1.03435,1.03591
2026-02-26 08:00,1.03591,1.03688,1.03478,1.03575
2026-02-26 09:00,1.03575,1.03597,1.03423,1.03445
2026-02-26 10:00,1.03445,1.03462,1.03407,1.03424
2026-02-26 11:00,1.03424,1.03433,1.03353,1.03362
2026-02-26 12:00,1.03362,1.03380,1.03287,1.03305
2026-02-26 13:00,1.03305,1.03417,1.03173,1.03285
2026-02-26 14:00,1.03285,1.03352,1.03155,1.03222
2026-02-26 15:00,1.03222,1.03250,1.03099,1.03127
2026-02-26 16:00,1.03127,1.03202,1.02975,1.03050
2026-02-26 17:00,1.03050,1.03097,1.03042,1.03089
2026-02-26 18:00,1.03089,1.03174,1.03024,1.03109
2026-02-26 19:00,1.03109,1.03318,1.03026,1.03235
2026-02-26 20:00,1.03235,1.03236,1.03230,1.03231
2026-02-26 21:00,1.03231,1.03299,1.03221,1.03289
2026-02-26 22:00,1.03289,1.03318,1.03241,1.03270
2026-02-26 23:00,1.03270,1.03299,1.03210,1.03238
2026-02-27 00:00,1.03238,1.03323,1.03219,1.03303
2026-02-27 01:00,1.03303,1.03341,1.03226,1.03264
2026-02-27 02:00,1.03264,1.03358,1.03035,1.03128
2026-02-27 03:00,1.03128,1.03225,1.03076,1.03173
2026-02-27 04:00,1.03173,1.03261,1.03038,1.03125
2026-02-27 05:00,1.03125,1.03225,1.03038,1.03137
2026-02-27 06:00,1.03137,1.03140,1.03133,1.03136
2026-02-27 07:00,1.03136,1.03140,1.03083,1.03087
2026-02-27 08:00,1.03087,1.03197,1.02998,1.03107
2026-02-27 09:00,1.03107,1.03250,1.03102,1.03245
2026-02-27 10:00,1.03245,1.03517,1.03082,1.03354
2026-02-27 11:00,1.03354,1.03369,1.03296,1.03311
2026-02-27 12:00,1.03311,1.03415,1.03285,1.03390
2026-02-27 13:00,1.03390,1.03418,1.03357,1.03384
2026-02-27 14:00,1.03384,1.03498,1.03197,1.03312
2026-02-27 15:00,1.03312,1.03490,1.03233,1.03412
2026-02-27 16:00,1.03412,1.03444,1.03380,1.03412
2026-02-27 17:00,1.03412,1.03463,1.03411,1.03461
2026-02-27 18:00,1.03461,1.03463,1.03448,1.03449
2026-02-27 19:00,1.03449,1.03502,1.03339,1.03392
2026-02-27 20:00,1.03392,1.03475,1.03286,1.03369
2026-02-27 21:00,1.03369,1.03473,1.03319,1.03422
2026-02-27 22:00,1.03422,1.03532,1.03243,1.03352
2026-02-27 23:00,1.03352,1.03401,1.03338,1.03387
2026-02-28 00:00,1.03387,1.03468,1.03307,1.03388
2026-02-28 01:00,1.03388,1.03491,1.03112,1.03215
2026-02-28 02:00,1.03215,1.03245,1.03164,1.03195
2026-02-28 03:00,1.03195,1.03220,1.03163,1.03188
2026-02-28 04:00,1.03188,1.03214,1.03045,1.03072
2026-02-28 05:00,1.03072,1.03137,1.02884,1.02949
2026-02-28 06:00,1.02949,1.03058,1.02776,1.02885
2026-02-28 07:00,1.02885,1.02927,1.02800,1.02843
2026-02-28 08:00,1.02843,1.02851,1.02727,1.02735
2026-02-28 09:00,1.02735,1.02785,1.02683,1.02733
2026-02-28 10:00,1.02733,1.02957,1.02690,1.02914
2026-02-28 11:00,1.02914,1.03034,1.02894,1.03014
2026-02-28 12:00,1.03014,1.03140,1.02968,1.03094
2026-02-28 13:00,1.03094,1.03135,1.02961,1.03001
2026-02-28 14:00,1.03001,1.03288,1.02977,1.03263
2026-02-28 15:00,1.03263,1.03319,1.03250,1.03306
2026-02-28 16:00,1.03306,1.03440,1.03247,1.03380
2026-02-28 17:00,1.03380,1.03448,1.03221,1.03289
2026-02-28 18:00,1.03289,1.03455,1.03141,1.03306
2026-02-28 19:00,1.03306,1.03319,1.03296,1.03308
2026-02-28 20:00,1.03308,1.03390,1.03289,1.03371
2026-02-28 21:00,1.03371,1.03406,1.03366,1.03401
2026-02-28 22:00,1.03401,1.03496,1.03332,1.03427
2026-02-28 23:00,1.03427,1.03478,1.03302,1.03353
2026-03-01 00:00,1.03353,1.03400,1.03184,1.03231
2026-03-01 01:00,1.03231,1.03364,1.03194,1.03328
2026-03-01 02:00,1.03328,1.03360,1.03241,1.03273
2026-03-01 03:00,1.03273,1.03340,1.03166,1.03233
2026-03-01 04:00,1.03233,1.03384,1.03128,1.03279
2026-03-01 05:00,1.03279,1.03293,1.03178,1.03191
2026-03-01 06:00,1.03191,1.03276,1.02992,1.03077
2026-03-01 07:00,1.03077,1.03097,1.03042,1.03062
2026-03-01 08:00,1.03062,1.03155,1.02924,1.03016
2026-03-01 09:00,1.03016,1.03050,1.02999,1.03033
2026-03-01 10:00,1.03033,1.03147,1.03000,1.03114
2026-03-01 11:00,1.03114,1.03138,1.02972,1.02996
2026-03-01 12:00,1.02996,1.03088,1.02849,1.02941
2026-03-01 13:00,1.02941,1.02971,1.02907,1.02938
2026-03-01 14:00,1.02938,1.03028,1.02810,1.02900
2026-03-01 15:00,1.02900,1.03142,1.02773,1.03014
2026-03-01 16:00,1.03014,1.03029,1.02843,1.02858
2026-03-01 17:00,1.02858,1.02894,1.02812,1.02847
2026-03-01 18:00,1.02847,1.03031,1.02773,1.02956
2026-03-01 19:00,1.02956,1.03081,1.02809,1.02933
2026-03-01 20:00,1.02933,1.02950,1.02919,1.02936
2026-03-01 21:00,1.02936,1.03005,1.02891,1.02960
2026-03-01 22:00,1.02960,1.03127,1.02923,1.03090
2026-03-01 23:00,1.03090,1.03101,1.03047,1.03058
2026-03-02 00:00,1.03058,1.03073,1.02960,1.02975
2026-03-02 01:00,1.02975,1.02976,1.02858,1.02858
2026-03-02 02:00,1.02858,1.02892,1.02777,1.02811
2026-03-02 03:00,1.02811,1.02951,1.02764,1.02904
2026-03-02 04:00,1.02904,1.02947,1.02850,1.02892
2026-03-02 05:00,1.02892,1.02893,1.02864,1.02865
2026-03-02 06:00,1.02865,1.02942,1.02831,1.02908
2026-03-02 07:00,1.02908,1.02918,1.02810,1.02820
2026-03-02 08:00,1.02820,1.03054,1.02708,1.02942
2026-03-02 09:00,1.02942,1.03072,1.02882,1.03013
2026-03-02 10:00,1.03013,1.03189,1.02962,1.03139
2026-03-02 11:00,1.03139,1.03164,1.03043,1.03069
2026-03-02 12:00,1.03069,1.03117,1.02896,1.02944
2026-03-02 13:00,1.02944,1.02968,1.02914,1.02938
2026-03-02 14:00,1.02938,1.02989,1.02813,1.02863
2026-03-02 15:00,1.02863,1.02931,1.02842,1.02909
2026-03-02 16:00,1.02909,1.03153,1.02749,1.02993
2026-03-02 17:00,1.02993,1.03032,1.02987,1.03025
2026-03-02 18:00,1.03025,1.03036,1.02942,1.02953
2026-03-02 19:00,1.02953,1.03041,1.02909,1.02997
2026-03-02 20:00,1.02997,1.03000,1.02983,1.02986
2026-03-02 21:00,1.02986,1.03094,1.02912,1.03020
2026-03-02 22:00,1.03020,1.03099,1.02899,1.02978
2026-03-02 23:00,1.02978,1.02996,1.02842,1.02860
2026-03-03 00:00,1.02860,1.02864,1.02700,1.02705
2026-03-03 01:00,1.02705,1.02890,1.02583,1.02769
2026-03-03 02:00,1.02769,1.02817,1.02724,1.02773
2026-03-03 03:00,1.02773,1.02867,1.02770,1.02864
2026-03-03 04:00,1.02864,1.02927,1.02809,1.02872
2026-03-03 05:00,1.02872,1.03074,1.02769,1.02970
2026-03-03 06:00,1.02970,1.02975,1.02969,1.02974
2026-03-03 07:00,1.02974,1.03072,1.02780,1.02877
2026-03-03 08:00,1.02877,1.02905,1.02843,1.02870
2026-03-03 09:00,1.02870,1.02879,1.02796,1.02805
2026-03-03 10:00,1.02805,1.02806,1.02771,1.02772
2026-03-03 11:00,1.02772,1.02915,1.02770,1.02913
2026-03-03 12:00,1.02913,1.03157,1.02839,1.03082
2026-03-03 13:00,1.03082,1.03212,1.03038,1.03168
2026-03-03 14:00,1.03168,1.03224,1.03086,1.03141
2026-03-03 15:00,1.03141,1.03182,1.03137,1.03178
2026-03-03 16:00,1.03178,1.03235,1.03160,1.03217
2026-03-03 17:00,1.03217,1.03253,1.03196,1.03232
2026-03-03 18:00,1.03232,1.03258,1.03117,1.03143
2026-03-03 19:00,1.03143,1.03217,1.03133,1.03207
2026-03-03 20:00,1.03207,1.03259,1.03149,1.03201
2026-03-03 21:00,1.03201,1.03333,1.03113,1.03244
2026-03-03 22:00,1.03244,1.03296,1.03184,1.03236
2026-03-03 23:00,1.03236,1.03260,1.03207,1.03231
2026-03-04 00:00,1.03231,1.03376,1.03131,1.03276
2026-03-04 01:00,1.03276,1.03294,1.03212,1.03230
2026-03-04 02:00,1.03230,1.03339,1.03172,1.03281
2026-03-04 03:00,1.03281,1.03322,1.03146,1.03188
2026-03-04 04:00,1.03188,1.03256,1.03179,1.03247
2026-03-04 05:00,1.03247,1.03291,1.03177,1.03221
2026-03-04 06:00,1.03221,1.03283,1.03197,1.03259
2026-03-04 07:00,1.03259,1.03362,1.03089,1.03192
2026-03-04 08:00,1.03192,1.03208,1.03167,1.03183
2026-03-04 09:00,1.03183,1.03269,1.03137,1.03223
2026-03-04 10:00,1.03223,1.03304,1.03199,1.03280
2026-03-04 11:00,1.03280,1.03337,1.03156,1.03213
2026-03-04 12:00,1.03213,1.03254,1.03139,1.03181
2026-03-04 13:00,1.03181,1.03204,1.03180,1.03203
2026-03-04 14:00,1.03203,1.03240,1.03084,1.03121
2026-03-04 15:00,1.03121,1.03166,1.03074,1.03119
2026-03-04 16:00,1.03119,1.03145,1.02935,1.02961
2026-03-04 17:00,1.02961,1.02976,1.02954,1.02969
2026-03-04 18:00,1.02969,1.03242,1.02819,1.03092
2026-03-04 19:00,1.03092,1.03288,1.03010,1.03206
2026-03-04 20:00,1.03206,1.03267,1.03056,1.03117
2026-03-04 21:00,1.03117,1.03179,1.02980,1.03043
2026-03-04 22:00,1.03043,1.03153,1.02924,1.03033
2026-03-04 23:00,1.03033,1.03068,1.03030,1.03065
2026-03-05 00:00,1.03065,1.03181,1.03028,1.03144
2026-03-05 01:00,1.03144,1.03372,1.03050,1.03278
2026-03-05 02:00,1.03278,1.03363,1.03231,1.03316
2026-03-05 03:00,1.03316,1.03430,1.03298,1.03412
2026-03-05 04:00,1.03412,1.03537,1.03344,1.03469
2026-03-05 05:00,1.03469,1.03562,1.03415,1.03508
2026-03-05 06:00,1.03508,1.03658,1.03491,1.03641
2026-03-05 07:00,1.03641,1.03707,1.03604,1.03670
2026-03-05 08:00,1.03670,1.03742,1.03625,1.03697
2026-03-05 09:00,1.03697,1.03725,1.03686,1.03714
2026-03-05 10:00,1.03714,1.03745,1.03633,1.03664
2026-03-05 11:00,1.03664,1.03723,1.03578,1.03637
2026-03-05 12:00,1.03637,1.03644,1.03600,1.03606
2026-03-05 13:00,1.03606,1.03638,1.03565,1.03597
2026-03-05 14:00,1.03597,1.03773,1.03478,1.03654
2026-03-05 15:00,1.03654,1.03668,1.03515,1.03528
2026-03-05 16:00,1.03528,1.03680,1.03427,1.03579
2026-03-05 17:00,1.03579,1.03742,1.03572,1.03735
2026-03-05 18:00,1.03735,1.03793,1.03605,1.03663
2026-03-05 19:00,1.03663,1.03676,1.03452,1.03464
2026-03-05 20:00,1.03464,1.03465,1.03374,1.03375
2026-03-05 21:00,1.03375,1.03455,1.03327,1.03408
2026-03-05 22:00,1.03408,1.03569,1.03282,1.03444
2026-03-05 23:00,1.03444,1.03469,1.03423,1.03449
2026-03-06 00:00,1.03449,1.03562,1.03445,1.03558
2026-03-06 01:00,1.03558,1.03832,1.03322,1.03595
2026-03-06 02:00,1.03595,1.03640,1.03591,1.03635
2026-03-06 03:00,1.03635,1.03675,1.03556,1.03596
2026-03-06 04:00,1.03596,1.03799,1.03473,1.03676
2026-03-06 05:00,1.03676,1.04028,1.03607,1.03959
2026-03-06 06:00,1.03959,1.04106,1.03845,1.03992
2026-03-06 07:00,1.03992,1.04069,1.03938,1.04016
2026-03-06 08:00,1.04016,1.04206,1.03917,1.04107
2026-03-06 09:00,1.04107,1.04233,1.04035,1.04161
2026-03-06 10:00,1.04161,1.04295,1.04074,1.04208
2026-03-06 11:00,1.04208,1.04233,1.04201,1.04226
2026-03-06 12:00,1.04226,1.04365,1.04020,1.04158
2026-03-06 13:00,1.04158,1.04188,1.04021,1.04051
2026-03-06 14:00,1.04051,1.04317,1.03886,1.04152
2026-03-06 15:00,1.04152,1.04275,1.04104,1.04228
2026-03-06 16:00,1.04228,1.04293,1.04125,1.04190
2026-03-06 17:00,1.04190,1.04268,1.04166,1.04244
2026-03-06 18:00,1.04244,1.04337,1.04172,1.04265
2026-03-06 19:00,1.04265,1.04466,1.04264,1.04465
2026-03-06 20:00,1.04465,1.04509,1.04435,1.04479
2026-03-06 21:00,1.04479,1.04611,1.04305,1.04437
2026-03-06 22:00,1.04437,1.04524,1.04393,1.04480
2026-03-06 23:00,1.04480,1.04609,1.04469,1.04598
2026-03-07 00:00,1.04598,1.04784,1.04547,1.04732
2026-03-07 01:00,1.04732,1.04931,1.04634,1.04833
2026-03-07 02:00,1.04833,1.04931,1.04819,1.04917
2026-03-07 03:00,1.04917,1.05022,1.04896,1.05001
2026-03-07 04:00,1.05001,1.05092,1.04971,1.05062
2026-03-07 05:00,1.05062,1.05122,1.05035,1.05095
2026-03-07 06:00,1.05095,1.05280,1.05062,1.05246
2026-03-07 07:00,1.05246,1.05393,1.05225,1.05372
2026-03-07 08:00,1.05372,1.05620,1.05231,1.05479
2026-03-07 09:00,1.05479,1.05609,1.05278,1.05407
2026-03-07 10:00,1.05407,1.05462,1.05365,1.05421
2026-03-07 11:00,1.05421,1.05441,1.05353,1.05373
2026-03-07 12:00,1.05373,1.05459,1.05238,1.05324
2026-03-07 13:00,1.05324,1.05494,1.05255,1.05425
2026-03-07 14:00,1.05425,1.05678,1.05379,1.05632
2026-03-07 15:00,1.05632,1.05754,1.05285,1.05407
2026-03-07 16:00,1.05407,1.05432,1.05403,1.05429
2026-03-07 17:00,1.05429,1.05510,1.05185,1.05266
2026-03-07 18:00,1.05266,1.05336,1.05257,1.05327
2026-03-07 19:00,1.05327,1.05384,1.05076,1.05133
2026-03-07 20:00,1.05133,1.05303,1.05056,1.05227
2026-03-07 21:00,1.05227,1.05415,1.05057,1.05245
2026-03-07 22:00,1.05245,1.05446,1.05137,1.05337
2026-03-07 23:00,1.05337,1.05506,1.05287,1.05456
2026-03-08 00:00,1.05456,1.05552,1.05239,1.05335
2026-03-08 01:00,1.05335,1.05350,1.05252,1.05268
2026-03-08 02:00,1.05268,1.05290,1.05245,1.05267
2026-03-08 03:00,1.05267,1.05296,1.05236,1.05265
2026-03-08 04:00,1.05265,1.05353,1.05264,1.05353
2026-03-08 05:00,1.05353,1.05510,1.05169,1.05326
2026-03-08 06:00,1.05326,1.05450,1.05280,1.05404
2026-03-08 07:00,1.05404,1.05456,1.05269,1.05321
2026-03-08 08:00,1.05321,1.05444,1.05281,1.05403
2026-03-08 09:00,1.05403,1.05554,1.05338,1.05488
2026-03-08 10:00,1.05488,1.05521,1.05434,1.05467
2026-03-08 11:00,1.05467,1.05674,1.05415,1.05622
2026-03-08 12:00,1.05622,1.05756,1.05394,1.05528
2026-03-08 13:00,1.05528,1.05592,1.05511,1.05575
2026-03-08 14:00,1.05575,1.05644,1.05401,1.05470
2026-03-08 15:00,1.05470,1.05507,1.05247,1.05284
2026-03-08 16:00,1.05284,1.05428,1.05240,1.05383
2026-03-08 17:00,1.05383,1.05429,1.05259,1.05304
2026-03-08 18:00,1.05304,1.05541,1.05276,1.05513
2026-03-08 19:00,1.05513,1.05716,1.05405,1.05608
2026-03-08 20:00,1.05608,1.05652,1.05585,1.05629
2026-03-08 21:00,1.05629,1.05681,1.05592,1.05643
2026-03-08 22:00,1.05643,1.05734,1.05504,1.05595
2026-03-08 23:00,1.05595,1.05642,1.05538,1.05584
2026-03-09 00:00,1.05584,1.05628,1.05526,1.05570
2026-03-09 01:00,1.05570,1.05704,1.05546,1.05680
2026-03-09 02:00,1.05680,1.05735,1.05650,1.05706
2026-03-09 03:00,1.05706,1.05754,1.05595,1.05643
2026-03-09 04:00,1.05643,1.05728,1.05520,1.05605
2026-03-09 05:00,1.05605,1.05628,1.05531,1.05555
2026-03-09 06:00,1.05555,1.05613,1.05549,1.05607
2026-03-09 07:00,1.05607,1.05631,1.05572,1.05596
2026-03-09 08:00,1.05596,1.05680,1.05553,1.05637
2026-03-09 09:00,1.05637,1.05679,1.05511,1.05552
2026-03-09 10:00,1.05552,1.05575,1.05508,1.05530
2026-03-09 11:00,1.05530,1.05540,1.05462,1.05473
2026-03-09 12:00,1.05473,1.05574,1.05435,1.05536
2026-03-09 13:00,1.05536,1.05552,1.05453,1.05468
2026-03-09 14:00,1.05468,1.05478,1.05394,1.05404
2026-03-09 15:00,1.05404,1.05425,1.05377,1.05398
2026-03-09 16:00,1.05398,1.05488,1.05309,1.05399
2026-03-09 17:00,1.05399,1.05496,1.05370,1.05468
2026-03-09 18:00,1.05468,1.05509,1.05194,1.05235
2026-03-09 19:00,1.05235,1.05276,1.05096,1.05137
2026-03-09 20:00,1.05137,1.05318,1.05044,1.05225
2026-03-09 21:00,1.05225,1.05261,1.05090,1.05126
2026-03-09 22:00,1.05126,1.05244,1.05076,1.05193
2026-03-09 23:00,1.05193,1.05313,1.05147,1.05267
2026-03-10 00:00,1.05267,1.05498,1.05205,1.05436
2026-03-10 01:00,1.05436,1.05505,1.05342,1.05411
2026-03-10 02:00,1.05411,1.05603,1.05348,1.05540
2026-03-10 03:00,1.05540,1.05615,1.05408,1.05483
2026-03-10 04:00,1.05483,1.05661,1.05414,1.05592
2026-03-10 05:00,1.05592,1.05864,1.05439,1.05711
2026-03-10 06:00,1.05711,1.05890,1.05692,1.05871
2026-03-10 07:00,1.05871,1.05980,1.05826,1.05935
2026-03-10 08:00,1.05935,1.06034,1.05931,1.06030
2026-03-10 09:00,1.06030,1.06156,1.06028,1.06154
2026-03-10 10:00,1.06154,1.06228,1.06114,1.06188
2026-03-10 11:00,1.06188,1.06426,1.06117,1.06355
2026-03-10 12:00,1.06355,1.06459,1.06331,1.06435
2026-03-10 13:00,1.06435,1.06467,1.06337,1.06369
2026-03-10 14:00,1.06369,1.06435,1.06286,1.06351
2026-03-10 15:00,1.06351,1.06536,1.06276,1.06460
2026-03-10 16:00,1.06460,1.06511,1.06330,1.06380
2026-03-10 17:00,1.06380,1.06411,1.06267,1.06297
2026-03-10 18:00,1.06297,1.06431,1.06233,1.06367
2026-03-10 19:00,1.06367,1.06519,1.06225,1.06377
2026-03-10 20:00,1.06377,1.06513,1.06342,1.06478
2026-03-10 21:00,1.06478,1.06565,1.06449,1.06536
2026-03-10 22:00,1.06536,1.06548,1.06442,1.06454
2026-03-10 23:00,1.06454,1.06485,1.06346,1.06377
2026-03-11 00:00,1.06377,1.06385,1.06245,1.06253
2026-03-11 01:00,1.06253,1.06333,1.06242,1.06322
2026-03-11 02:00,1.06322,1.06461,1.06257,1.06396
2026-03-11 03:00,1.06396,1.06412,1.06370,1.06386
2026-03-11 04:00,1.06386,1.06481,1.06351,1.06446
2026-03-11 05:00,1.06446,1.06555,1.06347,1.06456
2026-03-11 06:00,1.06456,1.06684,1.06395,1.06623
2026-03-11 07:00,1.06623,1.06800,1.06609,1.06786
2026-03-11 08:00,1.06786,1.06832,1.06715,1.06761
2026-03-11 09:00,1.06761,1.06766,1.06615,1.06620
2026-03-11 10:00,1.06620,1.06837,1.06550,1.06767
2026-03-11 11:00,1.06767,1.07048,1.06645,1.06927
2026-03-11 12:00,1.06927,1.06966,1.06728,1.06767
2026-03-11 13:00,1.06767,1.06829,1.06693,1.06754
2026-03-11 14:00,1.06754,1.06785,1.06687,1.06717
2026-03-11 15:00,1.06717,1.06865,1.06609,1.06756
2026-03-11 16:00,1.06756,1.06857,1.06645,1.06746
2026-03-11 17:00,1.06746,1.06939,1.06663,1.06856
2026-03-11 18:00,1.06856,1.06860,1.06798,1.06802
2026-03-11 19:00,1.06802,1.06868,1.06694,1.06760
2026-03-11 20:00,1.06760,1.06962,1.06672,1.06874
2026-03-11 21:00,1.06874,1.06898,1.06864,1.06888
2026-03-11 22:00,1.06888,1.07053,1.06782,1.06947
2026-03-11 23:00,1.06947,1.07019,1.06908,1.06980
2026-03-12 00:00,1.06980,1.07017,1.06749,1.06785
2026-03-12 01:00,1.06785,1.06831,1.06717,1.06763
2026-03-12 02:00,1.06763,1.06873,1.06699,1.06809
2026-03-12 03:00,1.06809,1.06832,1.06754,1.06777
2026-03-12 04:00,1.06777,1.06871,1.06766,1.06860
2026-03-12 05:00,1.06860,1.06881,1.06791,1.06812
2026-03-12 06:00,1.06812,1.06951,1.06754,1.06893
2026-03-12 07:00,1.06893,1.06922,1.06830,1.06859
2026-03-12 08:00,1.06859,1.07037,1.06798,1.06976
2026-03-12 09:00,1.06976,1.07021,1.06901,1.06946
2026-03-12 10:00,1.06946,1.06970,1.06881,1.06904
2026-03-12 11:00,1.06904,1.06972,1.06625,1.06693
2026-03-12 12:00,1.06693,1.06840,1.06625,1.06773
2026-03-12 13:00,1.06773,1.06815,1.06697,1.06740
2026-03-12 14:00,1.06740,1.06746,1.06716,1.06723
2026-03-12 15:00,1.06723,1.06851,1.06622,1.06750
2026-03-12 16:00,1.06750,1.06954,1.06743,1.06946
2026-03-12 17:00,1.06946,1.07011,1.06806,1.06871
2026-03-12 18:00,1.06871,1.06941,1.06869,1.06938
2026-03-12 19:00,1.06938,1.07011,1.06890,1.06963
2026-03-12 20:00,1.06963,1.07105,1.06945,1.07087
2026-03-12 21:00,1.07087,1.07114,1.06981,1.07008
2026-03-12 22:00,1.07008,1.07045,1.06929,1.06967
2026-03-12 23:00,1.06967,1.06985,1.06814,1.06833
2026-03-13 00:00,1.06833,1.06926,1.06779,1.06872
2026-03-13 01:00,1.06872,1.06999,1.06829,1.06956
2026-03-13 02:00,1.06956,1.07055,1.06766,1.06864
2026-03-13 03:00,1.06864,1.06926,1.06709,1.06771
2026-03-13 04:00,1.06771,1.06803,1.06679,1.06711
2026-03-13 05:00,1.06711,1.06748,1.06697,1.06734
2026-03-13 06:00,1.06734,1.06867,1.06728,1.06861
2026-03-13 07:00,1.06861,1.06940,1.06826,1.06905
2026-03-13 08:00,1.06905,1.07028,1.06734,1.06857
2026-03-13 09:00,1.06857,1.06890,1.06807,1.06840
2026-03-13 10:00,1.06840,1.06985,1.06712,1.06857
2026-03-13 11:00,1.06857,1.07012,1.06756,1.06911
2026-03-13 12:00,1.06911,1.06963,1.06750,1.06802
2026-03-13 13:00,1.06802,1.06889,1.06653,1.06740
2026-03-13 14:00,1.06740,1.06912,1.06392,1.06564
2026-03-13 15:00,1.06564,1.06626,1.06494,1.06557
2026-03-13 16:00,1.06557,1.06567,1.06526,1.06537
2026-03-13 17:00,1.06537,1.06612,1.06429,1.06504
2026-03-13 18:00,1.06504,1.06646,1.06415,1.06556
2026-03-13 19:00,1.06556,1.06647,1.06483,1.06574
2026-03-13 20:00,1.06574,1.06742,1.06446,1.06615
2026-03-13 21:00,1.06615,1.06678,1.06500,1.06563
2026-03-13 22:00,1.06563,1.06753,1.06468,1.06658
2026-03-13 23:00,1.06658,1.06724,1.06632,1.06697
2026-03-14 00:00,1.06697,1.06752,1.06679,1.06734
2026-03-14 01:00,1.06734,1.06843,1.06615,1.06724
2026-03-14 02:00,1.06724,1.06765,1.06686,1.06727
2026-03-14 03:00,1.06727,1.06776,1.06641,1.06690
2026-03-14 04:00,1.06690,1.06790,1.06660,1.06760
2026-03-14 05:00,1.06760,1.06811,1.06704,1.06756
2026-03-14 06:00,1.06756,1.06825,1.06703,1.06773
2026-03-14 07:00,1.06773,1.06823,1.06716,1.06766
2026-03-14 08:00,1.06766,1.06880,1.06712,1.06825
2026-03-14 09:00,1.06825,1.06962,1.06766,1.06903
2026-03-14 10:00,1.06903,1.06942,1.06895,1.06934
2026-03-14 11:00,1.06934,1.07059,1.06889,1.07014
2026-03-14 12:00,1.07014,1.07115,1.06970,1.07071
2026-03-14 13:00,1.07071,1.07091,1.07042,1.07061
2026-03-14 14:00,1.07061,1.07115,1.07035,1.07089
2026-03-14 15:00,1.07089,1.07174,1.07030,1.07116
2026-03-14 16:00,1.07116,1.07171,1.06881,1.06936
2026-03-14 17:00,1.06936,1.06950,1.06845,1.06859
2026-03-14 18:00,1.06859,1.06961,1.06722,1.06824
2026-03-14 19:00,1.06824,1.06831,1.06689,1.06696
2026-03-14 20:00,1.06696,1.06827,1.06619,1.06751
2026-03-14 21:00,1.06751,1.06822,1.06749,1.06821
2026-03-14 22:00,1.06821,1.06859,1.06785,1.06823
2026-03-14 23:00,1.06823,1.06900,1.06754,1.06831
2026-03-15 00:00,1.06831,1.06858,1.06805,1.06833
2026-03-15 01:00,1.06833,1.06889,1.06679,1.06735
2026-03-15 02:00,1.06735,1.06824,1.06453,1.06542
2026-03-15 03:00,1.06542,1.06553,1.06510,1.06522
2026-03-15 04:00,1.06522,1.06602,1.06466,1.06547
2026-03-15 05:00,1.06547,1.06629,1.06542,1.06624
2026-03-15 06:00,1.06624,1.06686,1.06591,1.06652
2026-03-15 07:00,1.06652,1.06728,1.06519,1.06594
2026-03-15 08:00,1.06594,1.06687,1.06501,1.06594
2026-03-15 09:00,1.06594,1.06620,1.06539,1.06566
2026-03-15 10:00,1.06566,1.06619,1.06421,1.06475
2026-03-15 11:00,1.06475,1.06654,1.06378,1.06557
2026-03-15 12:00,1.06557,1.06604,1.06485,1.06533
2026-03-15 13:00,1.06533,1.06613,1.06434,1.06514
2026-03-15 14:00,1.06514,1.06621,1.06307,1.06414
2026-03-15 15:00,1.06414,1.06496,1.06412,1.06495
2026-03-15 16:00,1.06495,1.06595,1.06462,1.06562
2026-03-15 17:00,1.06562,1.06778,1.06427,1.06643
2026-03-15 18:00,1.06643,1.06751,1.06613,1.06721
2026-03-15 19:00,1.06721,1.06835,1.06625,1.06739
2026-03-15 20:00,1.06739,1.06909,1.06667,1.06837
2026-03-15 21:00,1.06837,1.06856,1.06769,1.06789
2026-03-15 22:00,1.06789,1.06854,1.06635,1.06700
2026-03-15 23:00,1.06700,1.06906,1.06672,1.06877
2026-03-16 00:00,1.06877,1.06952,1.06798,1.06872
2026-03-16 01:00,1.06872,1.07206,1.06813,1.07148
2026-03-16 02:00,1.07148,1.07222,1.07003,1.07077
2026-03-16 03:00,1.07077,1.07224,1.07066,1.07212
2026-03-16 04:00,1.07212,1.07242,1.07105,1.07135
2026-03-16 05:00,1.07135,1.07154,1.07015,1.07035
2026-03-16 06:00,1.07035,1.07189,1.06959,1.07113
2026-03-16 07:00,1.07113,1.07150,1.07022,1.07059
2026-03-16 08:00,1.07059,1.07134,1.06913,1.06988
2026-03-16 09:00,1.06988,1.07069,1.06890,1.06971
2026-03-16 10:00,1.06971,1.07165,1.06885,1.07079
2026-03-16 11:00,1.07079,1.07250,1.07021,1.07191
2026-03-16 12:00,1.07191,1.07242,1.07171,1.07222
2026-03-16 13:00,1.07222,1.07292,1.07198,1.07268
2026-03-16 14:00,1.07268,1.07332,1.07223,1.07288
2026-03-16 15:00,1.07288,1.07294,1.07221,1.07226
2026-03-16 16:00,1.07226,1.07274,1.07155,1.07203
2026-03-16 17:00,1.07203,1.07321,1.07186,1.07304
2026-03-16 18:00,1.07304,1.07492,1.07169,1.07357
2026-03-16 19:00,1.07357,1.07361,1.07348,1.07352
2026-03-16 20:00,1.07352,1.07467,1.07143,1.07258
2026-03-16 21:00,1.07258,1.07401,1.07181,1.07324
2026-03-16 22:00,1.07324,1.07367,1.07303,1.07346
2026-03-16 23:00,1.07346,1.07353,1.07193,1.07200
2026-03-17 00:00,1.07200,1.07282,1.07173,1.07254
2026-03-17 01:00,1.07254,1.07463,1.07076,1.07285
2026-03-17 02:00,1.07285,1.07349,1.07190,1.07254
2026-03-17 03:00,1.07254,1.07320,1.07232,1.07298
2026-03-17 04:00,1.07298,1.07381,1.07286,1.07368
2026-03-17 05:00,1.07368,1.07441,1.07319,1.07392
2026-03-17 06:00,1.07392,1.07418,1.07360,1.07387
2026-03-17 07:00,1.07387,1.07405,1.07368,1.07387
2026-03-17 08:00,1.07387,1.07536,1.07316,1.07465
2026-03-17 09:00,1.07465,1.07553,1.07415,1.07503
2026-03-17 10:00,1.07503,1.07535,1.07354,1.07386
2026-03-17 11:00,1.07386,1.07431,1.07368,1.07413
2026-03-17 12:00,1.07413,1.07469,1.07378,1.07434
2026-03-17 13:00,1.07434,1.07524,1.07156,1.07245
2026-03-17 14:00,1.07245,1.07304,1.07173,1.07231
2026-03-17 15:00,1.07231,1.07412,1.07145,1.07325
2026-03-17 16:00,1.07325,1.07411,1.07142,1.07228
2026-03-17 17:00,1.07228,1.07392,1.07168,1.07332
2026-03-17 18:00,1.07332,1.07583,1.07280,1.07531
2026-03-17 19:00,1.07531,1.07632,1.07478,1.07580
2026-03-17 20:00,1.07580,1.07638,1.07383,1.07442
2026-03-17 21:00,1.07442,1.07476,1.07381,1.07415
2026-03-17 22:00,1.07415,1.07454,1.07313,1.07352
2026-03-17 23:00,1.07352,1.07501,1.07335,1.07485
2026-03-18 00:00,1.07485,1.07748,1.07347,1.07611
2026-03-18 01:00,1.07611,1.07846,1.07512,1.07747
2026-03-18 02:00,1.07747,1.07856,1.07707,1.07816
2026-03-18 03:00,1.07816,1.07895,1.07803,1.07881
2026-03-18 04:00,1.07881,1.07968,1.07738,1.07825
2026-03-18 05:00,1.07825,1.07917,1.07664,1.07756
2026-03-18 06:00,1.07756,1.07792,1.07615,1.07651
2026-03-18 07:00,1.07651,1.07795,1.07639,1.07782
2026-03-18 08:00,1.07782,1.07844,1.07661,1.07723
2026-03-18 09:00,1.07723,1.07748,1.07683,1.07709
2026-03-18 10:00,1.07709,1.07748,1.07633,1.07671
2026-03-18 11:00,1.07671,1.07746,1.07519,1.07593
2026-03-18 12:00,1.07593,1.07669,1.07387,1.07463
2026-03-18 13:00,1.07463,1.07527,1.07148,1.07212
2026-03-18 14:00,1.07212,1.07361,1.07183,1.07332
2026-03-18 15:00,1.07332,1.07524,1.07235,1.07427
2026-03-18 16:00,1.07427,1.07631,1.07330,1.07534
2026-03-18 17:00,1.07534,1.07657,1.07502,1.07625
2026-03-18 18:00,1.07625,1.07796,1.07466,1.07637
2026-03-18 19:00,1.07637,1.07710,1.07624,1.07696
2026-03-18 20:00,1.07696,1.07744,1.07590,1.07638
2026-03-18 21:00,1.07638,1.07712,1.07572,1.07646
2026-03-18 22:00,1.07646,1.07683,1.07442,1.07480
2026-03-18 23:00,1.07480,1.07490,1.07430,1.07440
2026-03-19 00:00,1.07440,1.07441,1.07310,1.07311
2026-03-19 01:00,1.07311,1.07425,1.07274,1.07388
2026-03-19 02:00,1.07388,1.07389,1.07387,1.07388
2026-03-19 03:00,1.07388,1.07538,1.07344,1.07494
2026-03-19 04:00,1.07494,1.07529,1.07405,1.07440
2026-03-19 05:00,1.07440,1.07442,1.07379,1.07381
2026-03-19 06:00,1.07381,1.07511,1.07150,1.07279
2026-03-19 07:00,1.07279,1.07295,1.07247,1.07262
2026-03-19 08:00,1.07262,1.07346,1.07197,1.07281
2026-03-19 09:00,1.07281,1.07312,1.07137,1.07167
2026-03-19 10:00,1.07167,1.07182,1.07025,1.07040
2026-03-19 11:00,1.07040,1.07069,1.07004,1.07033
2026-03-19 12:00,1.07033,1.07082,1.06991,1.07039
2026-03-19 13:00,1.07039,1.07134,1.06855,1.06950
2026-03-19 14:00,1.06950,1.07036,1.06938,1.07025
2026-03-19 15:00,1.07025,1.07038,1.06876,1.06889
2026-03-19 16:00,1.06889,1.06953,1.06878,1.06943
2026-03-19 17:00,1.06943,1.07109,1.06869,1.07036
2026-03-19 18:00,1.07036,1.07064,1.07003,1.07031
2026-03-19 19:00,1.07031,1.07055,1.06964,1.06989
2026-03-19 20:00,1.06989,1.07098,1.06963,1.07072
2026-03-19 21:00,1.07072,1.07100,1.06896,1.06924
2026-03-19 22:00,1.06924,1.06952,1.06889,1.06917
2026-03-19 23:00,1.06917,1.06987,1.06673,1.06743
2026-03-20 00:00,1.06743,1.06876,1.06675,1.06808
2026-03-20 01:00,1.06808,1.06889,1.06743,1.06824
2026-03-20 02:00,1.06824,1.06950,1.06578,1.06704
2026-03-20 03:00,1.06704,1.06829,1.06651,1.06776
2026-03-20 04:00,1.06776,1.06780,1.06747,1.06751
2026-03-20 05:00,1.06751,1.06957,1.06706,1.06911
2026-03-20 06:00,1.06911,1.06919,1.06799,1.06807
2026-03-20 07:00,1.06807,1.06877,1.06789,1.06859
2026-03-20 08:00,1.06859,1.06905,1.06687,1.06733
2026-03-20 09:00,1.06733,1.06840,1.06690,1.06797
2026-03-20 10:00,1.06797,1.06870,1.06576,1.06649
2026-03-20 11:00,1.06649,1.06651,1.06561,1.06563
2026-03-20 12:00,1.06563,1.06781,1.06546,1.06764
2026-03-20 13:00,1.06764,1.06820,1.06716,1.06772
2026-03-20 14:00,1.06772,1.07043,1.06736,1.07007
2026-03-20 15:00,1.07007,1.07016,1.06954,1.06963
2026-03-20 16:00,1.06963,1.07012,1.06798,1.06847
2026-03-20 17:00,1.06847,1.06899,1.06796,1.06848
2026-03-20 18:00,1.06848,1.06962,1.06683,1.06797
2026-03-20 19:00,1.06797,1.06933,1.06613,1.06749
2026-03-20 20:00,1.06749,1.06779,1.06682,1.06711
2026-03-20 21:00,1.06711,1.06746,1.06626,1.06661
2026-03-20 22:00,1.06661,1.06735,1.06513,1.06587
2026-03-20 23:00,1.06587,1.06729,1.06577,1.06719
2026-03-21 00:00,1.06719,1.06843,1.06701,1.06825
2026-03-21 01:00,1.06825,1.06874,1.06750,1.06800
2026-03-21 02:00,1.06800,1.06902,1.06763,1.06865
2026-03-21 03:00,1.06865,1.06875,1.06742,1.06751
2026-03-21 04:00,1.06751,1.06805,1.06653,1.06707
2026-03-21 05:00,1.06707,1.06822,1.06592,1.06707
2026-03-21 06:00,1.06707,1.06821,1.06557,1.06671
2026-03-21 07:00,1.06671,1.06780,1.06602,1.06712
2026-03-21 08:00,1.06712,1.06770,1.06707,1.06764
2026-03-21 09:00,1.06764,1.06800,1.06703,1.06738
2026-03-21 10:00,1.06738,1.06776,1.06702,1.06740
2026-03-21 11:00,1.06740,1.06785,1.06683,1.06727
2026-03-21 12:00,1.06727,1.06881,1.06649,1.06803
2026-03-21 13:00,1.06803,1.06899,1.06667,1.06763
2026-03-21 14:00,1.06763,1.06950,1.06741,1.06927
2026-03-21 15:00,1.06927,1.07147,1.06855,1.07075
2026-03-21 16:00,1.07075,1.07194,1.06945,1.07065
2026-03-21 17:00,1.07065,1.07142,1.06985,1.07062
2026-03-21 18:00,1.07062,1.07182,1.06957,1.07077
2026-03-21 19:00,1.07077,1.07149,1.07030,1.07102
2026-03-21 20:00,1.07102,1.07219,1.06881,1.06999
2026-03-21 21:00,1.06999,1.07096,1.06732,1.06830
2026-03-21 22:00,1.06830,1.06917,1.06822,1.06909
2026-03-21 23:00,1.06909,1.06912,1.06895,1.06898
2026-03-22 00:00,1.06898,1.06983,1.06814,1.06899
2026-03-22 01:00,1.06899,1.07056,1.06780,1.06937
2026-03-22 02:00,1.06937,1.07150,1.06821,1.07034
2026-03-22 03:00,1.07034,1.07118,1.06917,1.07000
2026-03-22 04:00,1.07000,1.07082,1.06925,1.07006
2026-03-22 05:00,1.07006,1.07069,1.06822,1.06885
2026-03-22 06:00,1.06885,1.06972,1.06874,1.06960
2026-03-22 07:00,1.06960,1.07104,1.06879,1.07023
2026-03-22 08:00,1.07023,1.07081,1.06989,1.07047
2026-03-22 09:00,1.07047,1.07052,1.06957,1.06962
2026-03-22 10:00,1.06962,1.06995,1.06828,1.06861
2026-03-22 11:00,1.06861,1.07003,1.06803,1.06945
2026-03-22 12:00,1.06945,1.06999,1.06891,1.06945
2026-03-22 13:00,1.06945,1.06978,1.06900,1.06934
2026-03-22 14:00,1.06934,1.07025,1.06891,1.06982
2026-03-22 15:00,1.06982,1.07226,1.06938,1.07182
2026-03-22 16:00,1.07182,1.07241,1.07027,1.07086
2026-03-22 17:00,1.07086,1.07090,1.06966,1.06971
2026-03-22 18:00,1.06971,1.07053,1.06793,1.06874
2026-03-22 19:00,1.06874,1.06913,1.06812,1.06851
2026-03-22 20:00,1.06851,1.06887,1.06830,1.06867
2026-03-22 21:00,1.06867,1.06869,1.06774,1.06776
2026-03-22 22:00,1.06776,1.06782,1.06734,1.06740
2026-03-22 23:00,1.06740,1.06794,1.06699,1.06753
2026-03-23 00:00,1.06753,1.06803,1.06664,1.06714
2026-03-23 01:00,1.06714,1.06844,1.06616,1.06746
2026-03-23 02:00,1.06746,1.06784,1.06412,1.06450
2026-03-23 03:00,1.06450,1.06717,1.06299,1.06566
2026-03-23 04:00,1.06566,1.06707,1.06561,1.06702
2026-03-23 05:00,1.06702,1.06745,1.06477,1.06521
2026-03-23 06:00,1.06521,1.06575,1.06373,1.06428
2026-03-23 07:00,1.06428,1.06586,1.06405,1.06562
2026-03-23 08:00,1.06562,1.06683,1.06358,1.06478
2026-03-23 09:00,1.06478,1.06585,1.06458,1.06565
2026-03-23 10:00,1.06565,1.06577,1.06484,1.06496
2026-03-23 11:00,1.06496,1.06699,1.06437,1.06640
2026-03-23 12:00,1.06640,1.06717,1.06452,1.06528
2026-03-23 13:00,1.06528,1.06534,1.06499,1.06505
2026-03-23 14:00,1.06505,1.06578,1.06482,1.06555
2026-03-23 15:00,1.06555,1.06567,1.06326,1.06339
2026-03-23 16:00,1.06339,1.06583,1.06209,1.06453
2026-03-23 17:00,1.06453,1.06455,1.06443,1.06445
2026-03-23 18:00,1.06445,1.06606,1.06409,1.06570
2026-03-23 19:00,1.06570,1.06718,1.06451,1.06599
2026-03-23 20:00,1.06599,1.06612,1.06551,1.06564
2026-03-23 21:00,1.06564,1.06586,1.06408,1.06430
2026-03-23 22:00,1.06430,1.06602,1.06415,1.06586
2026-03-23 23:00,1.06586,1.06700,1.06346,1.06460
2026-03-24 00:00,1.06460,1.06496,1.06425,1.06461
2026-03-24 01:00,1.06461,1.06475,1.06372,1.06385
2026-03-24 02:00,1.06385,1.06424,1.06375,1.06413
2026-03-24 03:00,1.06413,1.06521,1.06340,1.06447
2026-03-24 04:00,1.06447,1.06467,1.06373,1.06392
2026-03-24 05:00,1.06392,1.06451,1.06330,1.06390
2026-03-24 06:00,1.06390,1.06436,1.06280,1.06327
2026-03-24 07:00,1.06327,1.06472,1.06317,1.06463
2026-03-24 08:00,1.06463,1.06481,1.06321,1.06339
2026-03-24 09:00,1.06339,1.06408,1.06162,1.06231
2026-03-24 10:00,1.06231,1.06278,1.06065,1.06113
2026-03-24 11:00,1.06113,1.06361,1.06052,1.06301
2026-03-24 12:00,1.06301,1.06493,1.06235,1.06427
2026-03-24 13:00,1.06427,1.06452,1.06393,1.06418
2026-03-24 14:00,1.06418,1.06493,1.06354,1.06429
2026-03-24 15:00,1.06429,1.06483,1.06273,1.06327
2026-03-24 16:00,1.06327,1.06339,1.06208,1.06220
2026-03-24 17:00,1.06220,1.06326,1.06175,1.06281
2026-03-24 18:00,1.06281,1.06389,1.06209,1.06317
2026-03-24 19:00,1.06317,1.06376,1.06308,1.06368
2026-03-24 20:00,1.06368,1.06487,1.06163,1.06282
2026-03-24 21:00,1.06282,1.06418,1.06189,1.06325
2026-03-24 22:00,1.06325,1.06430,1.06069,1.06174
2026-03-24 23:00,1.06174,1.06199,1.06043,1.06068
2026-03-25 00:00,1.06068,1.06081,1.06064,1.06077
2026-03-25 01:00,1.06077,1.06120,1.05945,1.05988
2026-03-25 02:00,1.05988,1.06079,1.05971,1.06063
2026-03-25 03:00,1.06063,1.06193,1.05933,1.06063
2026-03-25 04:00,1.06063,1.06114,1.05962,1.06014
2026-03-25 05:00,1.06014,1.06071,1.05893,1.05951
2026-03-25 06:00,1.05951,1.06023,1.05915,1.05987
2026-03-25 07:00,1.05987,1.06053,1.05953,1.06019
2026-03-25 08:00,1.06019,1.06187,1.05921,1.06089
2026-03-25 09:00,1.06089,1.06290,1.05995,1.06197
2026-03-25 10:00,1.06197,1.06542,1.06117,1.06463
2026-03-25 11:00,1.06463,1.06481,1.06337,1.06355
2026-03-25 12:00,1.06355,1.06377,1.06327,1.06349
2026-03-25 13:00,1.06349,1.06525,1.06293,1.06469
2026-03-25 14:00,1.06469,1.06474,1.06387,1.06391
2026-03-25 15:00,1.06391,1.06548,1.06328,1.06485
2026-03-25 16:00,1.06485,1.06637,1.06436,1.06588
2026-03-25 17:00,1.06588,1.06685,1.06557,1.06654
2026-03-25 18:00,1.06654,1.06680,1.06513,1.06538
2026-03-25 19:00,1.06538,1.06613,1.06425,1.06500
2026-03-25 20:00,1.06500,1.06523,1.06401,1.06424
2026-03-25 21:00,1.06424,1.06482,1.06329,1.06387
2026-03-25 22:00,1.06387,1.06459,1.06386,1.06457
2026-03-25 23:00,1.06457,1.06583,1.06361,1.06486
2026-03-26 00:00,1.06486,1.06531,1.06285,1.06330
2026-03-26 01:00,1.06330,1.06502,1.06257,1.06430
2026-03-26 02:00,1.06430,1.06551,1.06383,1.06504
2026-03-26 03:00,1.06504,1.06544,1.06418,1.06458
2026-03-26 04:00,1.06458,1.06470,1.06396,1.06407
2026-03-26 05:00,1.06407,1.06479,1.06203,1.06274
2026-03-26 06:00,1.06274,1.06334,1.06249,1.06308
2026-03-26 07:00,1.06308,1.06319,1.06231,1.06242
2026-03-26 08:00,1.06242,1.06287,1.06226,1.06272
2026-03-26 09:00,1.06272,1.06295,1.06266,1.06290
2026-03-26 10:00,1.06290,1.06290,1.06269,1.06269
2026-03-26 11:00,1.06269,1.06299,1.06162,1.06192
2026-03-26 12:00,1.06192,1.06262,1.05959,1.06029
2026-03-26 13:00,1.06029,1.06053,1.05901,1.05925
2026-03-26 14:00,1.05925,1.06029,1.05924,1.06029
2026-03-26 15:00,1.06029,1.06101,1.05972,1.06045
2026-03-26 16:00,1.06045,1.06175,1.05943,1.06073
2026-03-26 17:00,1.06073,1.06122,1.06018,1.06067
2026-03-26 18:00,1.06067,1.06083,1.05949,1.05965
2026-03-26 19:00,1.05965,1.06008,1.05840,1.05883
2026-03-26 20:00,1.05883,1.05982,1.05695,1.05794
2026-03-26 21:00,1.05794,1.05917,1.05716,1.05840
2026-03-26 22:00,1.05840,1.05959,1.05777,1.05897
2026-03-26 23:00,1.05897,1.05909,1.05833,1.05846
2026-03-27 00:00,1.05846,1.06001,1.05818,1.05973
2026-03-27 01:00,1.05973,1.06139,1.05954,1.06120
2026-03-27 02:00,1.06120,1.06125,1.06032,1.06038
2026-03-27 03:00,1.06038,1.06128,1.05970,1.06060
2026-03-27 04:00,1.06060,1.06165,1.06038,1.06142
2026-03-27 05:00,1.06142,1.06215,1.06132,1.06204
2026-03-27 06:00,1.06204,1.06309,1.06173,1.06278
2026-03-27 07:00,1.06278,1.06290,1.06170,1.06183
2026-03-27 08:00,1.06183,1.06476,1.06134,1.06427
2026-03-27 09:00,1.06427,1.06511,1.06283,1.06367
2026-03-27 10:00,1.06367,1.06382,1.06186,1.06201
2026-03-27 11:00,1.06201,1.06280,1.06161,1.06239
2026-03-27 12:00,1.06239,1.06250,1.06178,1.06188
2026-03-27 13:00,1.06188,1.06235,1.06095,1.06142
2026-03-27 14:00,1.06142,1.06235,1.05953,1.06047
2026-03-27 15:00,1.06047,1.06053,1.05956,1.05962
2026-03-27 16:00,1.05962,1.06095,1.05922,1.06055
2026-03-27 17:00,1.06055,1.06151,1.05852,1.05948
2026-03-27 18:00,1.05948,1.05954,1.05842,1.05848
2026-03-27 19:00,1.05848,1.05891,1.05723,1.05766
2026-03-27 20:00,1.05766,1.05831,1.05738,1.05803
2026-03-27 21:00,1.05803,1.05960,1.05763,1.05920
2026-03-27 22:00,1.05920,1.05974,1.05883,1.05936
2026-03-27 23:00,1.05936,1.06009,1.05773,1.05846
2026-03-28 00:00,1.05846,1.05926,1.05817,1.05896
2026-03-28 01:00,1.05896,1.06041,1.05808,1.05953
2026-03-28 02:00,1.05953,1.05961,1.05845,1.05853
2026-03-28 03:00,1.05853,1.05903,1.05819,1.05868
2026-03-28 04:00,1.05868,1.05892,1.05857,1.05881
2026-03-28 05:00,1.05881,1.06017,1.05860,1.05996
2026-03-28 06:00,1.05996,1.06137,1.05924,1.06066
2026-03-28 07:00,1.06066,1.06201,1.06047,1.06182
2026-03-28 08:00,1.06182,1.06266,1.06166,1.06250
2026-03-28 09:00,1.06250,1.06485,1.06113,1.06349
2026-03-28 10:00,1.06349,1.06394,1.06212,1.06257
2026-03-28 11:00,1.06257,1.06413,1.06246,1.06402
2026-03-28 12:00,1.06402,1.06444,1.06324,1.06366
2026-03-28 13:00,1.06366,1.06486,1.06332,1.06452
2026-03-28 14:00,1.06452,1.06641,1.06447,1.06635
2026-03-28 15:00,1.06635,1.06818,1.06536,1.06719
2026-03-28 16:00,1.06719,1.06782,1.06529,1.06592
2026-03-28 17:00,1.06592,1.06654,1.06558,1.06619
2026-03-28 18:00,1.06619,1.06659,1.06544,1.06584
2026-03-28 19:00,1.06584,1.06638,1.06519,1.06573
2026-03-28 20:00,1.06573,1.06596,1.06437,1.06460
2026-03-28 21:00,1.06460,1.06532,1.06401,1.06474
2026-03-28 22:00,1.06474,1.06548,1.06448,1.06523
2026-03-28 23:00,1.06523,1.06648,1.06468,1.06593
2026-03-29 00:00,1.06593,1.06610,1.06534,1.06551
2026-03-29 01:00,1.06551,1.06676,1.06512,1.06637
2026-03-29 02:00,1.06637,1.06649,1.06609,1.06621
2026-03-29 03:00,1.06621,1.06715,1.06551,1.06646
2026-03-29 04:00,1.06646,1.06771,1.06599,1.06724
2026-03-29 05:00,1.06724,1.06870,1.06665,1.06810
2026-03-29 06:00,1.06810,1.07016,1.06697,1.06903
2026-03-29 07:00,1.06903,1.07011,1.06817,1.06925
